2 0.680345 -0.139602 -0.662908  0.719669 -0.124339 -0.642839
2 0.680345 -0.139602 -0.662908  0.730751 -0.134977 -0.665492
2 0.680345 -0.139602 -0.662908  0.730103 -0.146074 -0.66069
2 0.680345 -0.139602 -0.662908  0.721587 -0.156428 -0.665028
2 0.680345 -0.139602 -0.662908  0.711631 -0.118585 -0.663272
2 0.680345 -0.139602 -0.662908  0.689301 -0.13779 -0.663438
2 0.584218 -0.212323 -0.315603  0.668227 -0.203081 -0.272805
2 0.584218 -0.212323 -0.315603  0.679352 -0.227735 -0.26486
2 0.584218 -0.212323 -0.315603  0.689273 -0.234579 -0.243847
2 0.584218 -0.212323 -0.315603  0.684434 -0.234729 -0.259125
2 0.584218 -0.212323 -0.315603  0.664975 -0.227291 -0.227426
2 0.584218 -0.212323 -0.315603  0.640741 -0.203046 -0.220083
2 0.584218 -0.212323 -0.315603  0.648956 -0.191435 -0.2266
2 0.584218 -0.212323 -0.315603  0.666986 -0.184955 -0.238738
2 0.606177 -0.21205 -0.312865  0.713182 -0.210185 -0.213905
2 0.606177 -0.21205 -0.312865  0.715083 -0.222989 -0.223123
2 0.606177 -0.21205 -0.312865  0.726549 -0.198514 -0.222687
2 0.606177 -0.21205 -0.312865  0.705498 -0.201378 -0.268806
2 0.606177 -0.21205 -0.312865  0.705226 -0.227878 -0.264657
2 -0.680371 -0.209259 -0.280006  -0.652588 -0.228868 -0.233524
2 0.676477 -0.139785 -0.73621  0.630827 -0.139648 -0.756753
2 0.676477 -0.139785 -0.73621  0.627229 -0.145249 -0.748333
2 0.676477 -0.139785 -0.73621  0.633129 -0.144977 -0.740514
2 0.676477 -0.139785 -0.73621  0.613985 -0.140806 -0.740777
2 0.676477 -0.139785 -0.73621  0.609318 -0.137862 -0.72982
2 0.676477 -0.139785 -0.73621  0.613108 -0.14226 -0.732056
2 0.676477 -0.139785 -0.73621  0.608834 -0.139226 -0.724142
2 0.676477 -0.139785 -0.73621  0.621108 -0.139315 -0.729758
2 0.676477 -0.139785 -0.73621  0.614133 -0.136128 -0.726673
2 0.676477 -0.139785 -0.73621  0.62062 -0.133266 -0.735429
2 0.676477 -0.139785 -0.73621  0.632918 -0.133478 -0.736032
2 0.676477 -0.139785 -0.73621  0.62181 -0.135053 -0.74537
2 -0.380243 -0.139094 -0.926792  -0.471955 -0.178912 -0.959514
2 -0.380243 -0.139094 -0.926792  -0.473518 -0.159834 -0.965829
2 -0.380243 -0.139094 -0.926792  -0.452525 -0.183558 -0.92587
2 -0.380243 -0.139094 -0.926792  -0.441988 -0.122657 -0.91836
2 -0.380243 -0.139094 -0.926792  -0.45132 -0.0983597 -0.92427
2 -0.380243 -0.139094 -0.926792  -0.44629 -0.1453 -0.915233
2 -0.380243 -0.139094 -0.926792  -0.464431 -0.134683 -0.973684
2 -0.380243 -0.139094 -0.926792  -0.449425 -0.0874413 -0.937201
2 -0.380243 -0.139094 -0.926792  -0.457317 -0.11485 -0.975313
2 -0.380243 -0.139094 -0.926792  -0.461482 -0.0992772 -0.966345
2 -0.380243 -0.139094 -0.926792  -0.459682 -0.088766 -0.956583
2 -0.593735 -0.20933 -0.30454  -0.543564 -0.221053 -0.332561
2 -0.593735 -0.20933 -0.30454  -0.553828 -0.219113 -0.344357
2 -0.593735 -0.20933 -0.30454  -0.540228 -0.199791 -0.34148
2 -0.593735 -0.20933 -0.30454  -0.539399 -0.210061 -0.351024
2 -0.3911 -0.131569 0.546502  -0.448344 -0.171042 0.565436
2 -0.3911 -0.131569 0.546502  -0.464581 -0.149859 0.577316
2 -0.3911 -0.131569 0.546502  -0.409181 -0.170781 0.566516
2 -0.3911 -0.131569 0.546502  -0.421885 -0.0790194 0.567654
2 -0.3911 -0.131569 0.546502  -0.450745 -0.0862266 0.580087
2 -0.3911 -0.131569 0.546502  -0.39069 -0.129685 0.561672
2 -0.3911 -0.131569 0.546502  -0.391807 -0.115509 0.562341
2 0.590265 -0.127923 -0.0196394  0.630723 -0.171882 -0.105085
2 0.590265 -0.127923 -0.0196394  0.652168 -0.11729 -0.110199
2 0.590265 -0.127923 -0.0196394  0.652764 -0.142825 -0.107677
2 0.590265 -0.127923 -0.0196394  0.625885 -0.179051 -0.0651252
2 0.590265 -0.127923 -0.0196394  0.632222 -0.179112 -0.0822272
2 0.590265 -0.127923 -0.0196394  0.617705 -0.172877 -0.0542934
2 0.590265 -0.127923 -0.0196394  0.617957 -0.111577 -0.0353159
2 0.590265 -0.127923 -0.0196394  0.609834 -0.130188 -0.0406421
2 0.590265 -0.127923 -0.0196394  0.638446 -0.0773631 -0.0646601
2 -0.676482 -0.210394 -0.4508  -0.76098 -0.229271 -0.426065
2 -0.676482 -0.210394 -0.4508  -0.754298 -0.207331 -0.422648
2 -0.676482 -0.210394 -0.4508  -0.802614 -0.207022 -0.449882
2 -0.676482 -0.210394 -0.4508  -0.799571 -0.195003 -0.445759
2 -0.676482 -0.210394 -0.4508  -0.788786 -0.185029 -0.440958
2 -0.0517267 -0.129672 -0.201001  -0.0746407 -0.201145 -0.209253
2 -0.0517267 -0.129672 -0.201001  -0.0597359 -0.0799664 -0.213932
2 -0.565812 -0.209298 -0.335219  -0.597301 -0.210658 -0.399819
2 -0.565812 -0.209298 -0.335219  -0.602549 -0.199507 -0.40481
2 -0.565812 -0.209298 -0.335219  -0.597295 -0.195497 -0.407532
2 -0.565812 -0.209298 -0.335219  -0.623032 -0.215734 -0.41413
2 -0.565812 -0.209298 -0.335219  -0.616036 -0.218403 -0.416276
2 -0.565812 -0.209298 -0.335219  -0.604229 -0.212484 -0.416324
2 -0.565812 -0.209298 -0.335219  -0.603195 -0.201986 -0.414959
2 -0.565812 -0.209298 -0.335219  -0.621112 -0.20167 -0.416993
2 -0.565812 -0.209298 -0.335219  -0.626802 -0.210262 -0.422076
2 -0.565812 -0.209298 -0.335219  -0.622394 -0.206827 -0.413039
2 -0.565812 -0.209298 -0.335219  -0.635049 -0.210212 -0.420596
2 -0.565812 -0.209298 -0.335219  -0.634559 -0.215525 -0.421739
2 -0.68272 -0.210252 -0.436112  -0.758711 -0.218372 -0.413337
2 -0.68272 -0.210252 -0.436112  -0.763068 -0.196143 -0.391779
2 -0.68272 -0.210252 -0.436112  -0.760777 -0.209954 -0.391179
2 -0.68272 -0.210252 -0.436112  -0.767149 -0.186309 -0.414079
2 -0.68272 -0.210252 -0.436112  -0.80692 -0.215848 -0.431262
2 -0.212734 -0.0749961 0.163055  -0.258867 -0.191833 0.226338
2 -0.212734 -0.0749961 0.163055  -0.265901 -0.192316 0.207506
2 -0.212734 -0.0749961 0.163055  -0.278102 -0.0785023 0.311485
2 -0.212734 -0.0749961 0.163055  -0.228305 -0.148763 0.325745
2 -0.212734 -0.0749961 0.163055  -0.229836 -0.133353 0.336681
2 -0.212734 -0.0749961 0.163055  -0.238244 -0.114205 0.345415
2 -0.212734 -0.0749961 0.163055  -0.242921 -0.173161 0.298662
2 -0.212734 -0.0749961 0.163055  -0.283885 -0.0684609 0.26845
2 -0.212734 -0.0749961 0.163055  -0.302829 -0.0682037 0.226992
2 -0.212734 -0.0749961 0.163055  -0.288713 -0.188884 0.21154
2 -0.212734 -0.0749961 0.163055  -0.22962 -0.0663085 0.332286
2 -0.212734 -0.0749961 0.163055  -0.18369 -0.144967 0.317529
2 -0.212734 -0.0749961 0.163055  -0.216757 -0.0926528 0.354026
2 -0.212734 -0.0749961 0.163055  -0.20903 -0.115307 0.347598
2 -0.212734 -0.0749961 0.163055  -0.201563 -0.135891 0.332622
2 -0.212734 -0.0749961 0.163055  -0.229205 -0.0812973 0.345803
2 -0.212734 -0.0749961 0.163055  -0.260031 -0.0542506 0.265423
2 -0.212734 -0.0749961 0.163055  -0.282855 -0.057093 0.228921
2 -0.212734 -0.0749961 0.163055  -0.317496 -0.17115 0.184259
2 -0.212734 -0.0749961 0.163055  -0.29323 -0.185092 0.182525
2 -0.212734 -0.0749961 0.163055  -0.330423 -0.0783665 0.198669
2 -0.212734 -0.0749961 0.163055  -0.232729 -0.188123 0.234293
2 -0.212734 -0.0749961 0.163055  -0.245941 -0.0959952 0.344495
2 -0.212734 -0.0749961 0.163055  -0.249097 -0.0807791 0.330914
2 -0.212734 -0.0749961 0.163055  -0.215944 -0.156446 0.312964
2 -0.212734 -0.0749961 0.163055  -0.25325 -0.0667171 0.303972
2 -0.212734 -0.0749961 0.163055  -0.197853 -0.162705 0.290848
2 -0.212734 -0.0749961 0.163055  -0.215785 -0.177654 0.264039
2 -0.212734 -0.0749961 0.163055  -0.267167 -0.192159 0.18071
2 -0.151725 -0.140084 -0.76139  -0.13973 -0.150708 -0.800406
2 -0.151725 -0.140084 -0.76139  -0.104723 -0.199425 -0.82908
2 -0.151725 -0.140084 -0.76139  -0.0878944 -0.19166 -0.827227
2 -0.151725 -0.140084 -0.76139  -0.102246 -0.0842529 -0.786546
2 -0.151725 -0.140084 -0.76139  -0.12142 -0.120395 -0.777039
2 -0.151725 -0.140084 -0.76139  -0.117352 -0.0896418 -0.79563
2 -0.151725 -0.140084 -0.76139  -0.124649 -0.101728 -0.791041
2 -0.151725 -0.140084 -0.76139  -0.114133 -0.0819833 -0.812621
2 -0.151725 -0.140084 -0.76139  -0.100541 -0.0801518 -0.813829
2 -0.151725 -0.140084 -0.76139  -0.0872898 -0.0832411 -0.815336
2 -0.151725 -0.140084 -0.76139  -0.0795199 -0.0928521 -0.82378
2 -0.151725 -0.140084 -0.76139  -0.0776583 -0.138284 -0.841499
2 -0.225485 -0.0886068 0.0909429  -0.360668 -0.183066 0.070037
2 -0.225485 -0.0886068 0.0909429  -0.334624 -0.0774799 0.0495822
2 -0.225485 -0.0886068 0.0909429  -0.347025 -0.0709847 0.123166
2 -0.225485 -0.0886068 0.0909429  -0.366981 -0.169096 0.118125
2 -0.284398 -0.139424 -0.912487  -0.32257 -0.131466 -0.919565
2 -0.284398 -0.139424 -0.912487  -0.301389 -0.129033 -0.994453
2 -0.284398 -0.139424 -0.912487  -0.295326 -0.172663 -0.986592
2 -0.284398 -0.139424 -0.912487  -0.297685 -0.190149 -0.972603
2 -0.284398 -0.139424 -0.912487  -0.294165 -0.0824149 -0.941617
2 -0.284398 -0.139424 -0.912487  -0.287629 -0.110151 -0.987791
2 -0.284398 -0.139424 -0.912487  -0.292656 -0.0937428 -0.979325
2 -0.0888681 -0.12654 -0.139103  -0.0776345 -0.210557 -0.175542
2 -0.0888681 -0.12654 -0.139103  -0.118016 -0.0878495 -0.214833
2 -0.0888681 -0.12654 -0.139103  -0.140018 -0.0943728 -0.201028
2 -0.0888681 -0.12654 -0.139103  -0.155093 -0.111832 -0.208713
2 -0.0888681 -0.12654 -0.139103  -0.105036 -0.205429 -0.194833
2 -0.0888681 -0.12654 -0.139103  -0.13728 -0.192363 -0.205534
2 -0.0888681 -0.12654 -0.139103  -0.15119 -0.178786 -0.208944
2 -0.0888681 -0.12654 -0.139103  -0.159633 -0.0839568 -0.163862
2 -0.0888681 -0.12654 -0.139103  -0.117004 -0.0602344 -0.163796
2 -0.0888681 -0.12654 -0.139103  -0.129051 -0.0786151 -0.182842
2 -0.0888681 -0.12654 -0.139103  -0.178388 -0.224098 -0.0650632
2 -0.0888681 -0.12654 -0.139103  -0.280865 -0.165973 -0.106182
2 -0.0888681 -0.12654 -0.139103  -0.204559 -0.224654 -0.0802016
2 -0.0888681 -0.12654 -0.139103  -0.223031 -0.222579 -0.0872991
2 -0.0888681 -0.12654 -0.139103  -0.243269 -0.215539 -0.0841978
2 -0.0888681 -0.12654 -0.139103  -0.270326 -0.201979 -0.106079
2 -0.0888681 -0.12654 -0.139103  -0.278431 -0.184668 -0.102133
2 -0.0888681 -0.12654 -0.139103  -0.255029 -0.130309 -0.155789
2 -0.0888681 -0.12654 -0.139103  -0.222698 -0.105288 -0.155629
2 -0.0888681 -0.12654 -0.139103  -0.235224 -0.129867 -0.170987
2 0.0965926 -0.131172 -0.126907  0.132604 -0.142124 -0.185421
2 0.0965926 -0.131172 -0.126907  0.0969921 -0.182991 -0.189138
2 0.0965926 -0.131172 -0.126907  0.114743 -0.215775 -0.173353
2 0.0965926 -0.131172 -0.126907  0.145506 -0.224625 -0.121748
2 0.0965926 -0.131172 -0.126907  0.109153 -0.118058 -0.176113
2 0.0965926 -0.131172 -0.126907  0.10909 -0.146967 -0.189213
2 0.0965926 -0.131172 -0.126907  0.0904804 -0.197419 -0.178462
2 0.0965926 -0.131172 -0.126907  0.0882548 -0.160709 -0.191456
2 0.0965926 -0.131172 -0.126907  0.117989 -0.221236 -0.14543
2 0.0965926 -0.131172 -0.126907  0.075569 -0.18188 -0.185375
2 0.0965926 -0.131172 -0.126907  0.0909427 -0.133879 -0.189814
2 0.223945 -0.140071 -0.688988  0.23829 -0.150302 -0.844156
2 0.223945 -0.140071 -0.688988  0.236566 -0.100112 -0.822029
2 0.223945 -0.140071 -0.688988  0.256925 -0.163109 -0.780576
2 0.223945 -0.140071 -0.688988  0.243954 -0.185318 -0.81212
2 0.420942 -0.139403 -0.749775  0.410441 -0.122139 -0.86486
2 0.420942 -0.139403 -0.749775  0.398898 -0.098078 -0.849113
2 0.420942 -0.139403 -0.749775  0.395212 -0.0909294 -0.821089
2 0.420942 -0.139403 -0.749775  0.395622 -0.112279 -0.791219
2 0.420942 -0.139403 -0.749775  0.389167 -0.134503 -0.787893
2 0.420942 -0.139403 -0.749775  0.398749 -0.0966136 -0.803354
2 0.420942 -0.139403 -0.749775  0.440808 -0.120844 -0.853137
2 0.420942 -0.139403 -0.749775  0.425613 -0.136144 -0.865613
2 0.420942 -0.139403 -0.749775  0.421185 -0.151795 -0.866491
2 0.420942 -0.139403 -0.749775  0.423887 -0.105859 -0.850388
2 0.420942 -0.139403 -0.749775  0.424631 -0.0942629 -0.826722
2 0.420942 -0.139403 -0.749775  0.431274 -0.165213 -0.854661
2 0.420942 -0.139403 -0.749775  0.447914 -0.14276 -0.852613
2 0.420942 -0.139403 -0.749775  0.429083 -0.187246 -0.81456
2 0.420942 -0.139403 -0.749775  0.446352 -0.177473 -0.828735
2 0.420942 -0.139403 -0.749775  0.396616 -0.176939 -0.800974
2 0.420942 -0.139403 -0.749775  0.402937 -0.187321 -0.816399
2 -0.135004 -0.140244 -0.721792  -0.105213 -0.135435 -0.74471
2 -0.135004 -0.140244 -0.721792  -0.104006 -0.161554 -0.746269
2 -0.135004 -0.140244 -0.721792  -0.102046 -0.17893 -0.756086
2 -0.135004 -0.140244 -0.721792  -0.101213 -0.193835 -0.7818
2 -0.135004 -0.140244 -0.721792  -0.0505273 -0.171112 -0.786107
2 -0.454802 -0.138656 -0.857095  -0.532395 -0.0982292 -0.856522
2 -0.454802 -0.138656 -0.857095  -0.546127 -0.117506 -0.870535
2 -0.454802 -0.138656 -0.857095  -0.538 -0.103244 -0.875738
2 -0.454802 -0.138656 -0.857095  -0.548836 -0.139268 -0.863819
2 -0.454802 -0.138656 -0.857095  -0.544348 -0.162791 -0.846359
2 -0.454802 -0.138656 -0.857095  -0.498326 -0.136207 -0.851284
2 -0.454802 -0.138656 -0.857095  -0.502476 -0.111937 -0.854688
2 -0.400258 -0.139009 -0.91905  -0.494222 -0.17147 -0.949063
2 -0.400258 -0.139009 -0.91905  -0.4926 -0.182618 -0.939997
2 -0.400258 -0.139009 -0.91905  -0.488537 -0.0962357 -0.943862
2 -0.400258 -0.139009 -0.91905  -0.485829 -0.115465 -0.958035
2 -0.400258 -0.139009 -0.91905  -0.489327 -0.138549 -0.959305
2 -0.400258 -0.139009 -0.91905  -0.474466 -0.189108 -0.921598
2 -0.400258 -0.139009 -0.91905  -0.458975 -0.153239 -0.909285
2 -0.400258 -0.139009 -0.91905  -0.465521 -0.168613 -0.909505
2 -0.400258 -0.139009 -0.91905  -0.474985 -0.0878269 -0.936369
2 0.25118 -0.187397 -0.240558  0.164383 -0.218567 -0.264105
2 0.25118 -0.187397 -0.240558  0.201573 -0.235353 -0.22835
2 0.25118 -0.187397 -0.240558  0.160715 -0.185426 -0.240884
2 -0.631832 -0.210909 -0.50633  -0.651843 -0.185189 -0.532334
2 -0.631832 -0.210909 -0.50633  -0.657906 -0.190596 -0.523454
2 -0.631832 -0.210909 -0.50633  -0.644457 -0.213226 -0.519514
2 -0.631832 -0.210909 -0.50633  -0.639832 -0.199829 -0.521956
2 -0.631832 -0.210909 -0.50633  -0.619034 -0.229547 -0.535142
2 -0.631832 -0.210909 -0.50633  -0.618136 -0.234539 -0.54369
2 -0.631832 -0.210909 -0.50633  -0.677098 -0.196159 -0.572287
2 -0.631832 -0.210909 -0.50633  -0.673149 -0.185004 -0.55633
2 -0.631832 -0.210909 -0.50633  -0.66311 -0.229772 -0.575388
2 -0.631832 -0.210909 -0.50633  -0.674554 -0.220529 -0.57782
2 -0.516585 -0.207227 -0.44796  -0.540883 -0.236978 -0.561928
2 -0.516585 -0.207227 -0.44796  -0.54703 -0.1821 -0.557612
2 -0.516585 -0.207227 -0.44796  -0.533866 -0.197798 -0.531131
2 -0.516585 -0.207227 -0.44796  -0.535473 -0.185265 -0.577074
2 -0.516585 -0.207227 -0.44796  -0.533091 -0.19672 -0.591409
2 -0.516585 -0.207227 -0.44796  -0.53299 -0.224722 -0.59006
2 -0.200416 -0.0815903 0.121443  -0.237779 -0.194125 0.190233
2 -0.200416 -0.0815903 0.121443  -0.349215 -0.114107 0.181364
2 -0.200416 -0.0815903 0.121443  -0.356934 -0.0943182 0.170556
2 -0.200416 -0.0815903 0.121443  -0.345303 -0.133725 0.172422
2 -0.200416 -0.0815903 0.121443  -0.336108 -0.153597 0.167292
2 -0.200416 -0.0815903 0.121443  -0.305347 -0.17971 0.16328
2 -0.200416 -0.0815903 0.121443  -0.324346 -0.168655 0.16038
2 -0.200416 -0.0815903 0.121443  -0.359197 -0.136827 0.153776
2 -0.123817 -0.12738 0.656127  -0.11909 -0.13409 0.604932
2 -0.123817 -0.12738 0.656127  -0.127054 -0.136773 0.580803
2 -0.123817 -0.12738 0.656127  -0.131043 -0.117183 0.590839
2 -0.123817 -0.12738 0.656127  -0.121978 -0.119219 0.59955
2 -0.0735285 -0.127391 0.619999  0.00550831 -0.127869 0.63886
2 -0.0735285 -0.127391 0.619999  -0.0163368 -0.128976 0.639137
2 -0.0735285 -0.127391 0.619999  -0.0142641 -0.125707 0.650511
2 -0.0735285 -0.127391 0.619999  -0.00308457 -0.130332 0.649079
2 -0.0735285 -0.127391 0.619999  -0.00601019 -0.12648 0.729831
2 -0.0735285 -0.127391 0.619999  -0.00432283 -0.128611 0.718603
2 -0.0735285 -0.127391 0.619999  0.000860335 -0.124057 0.687544
2 -0.0735285 -0.127391 0.619999  0.00957517 -0.126064 0.688012
2 -0.0735285 -0.127391 0.619999  0.00964835 -0.128643 0.686044
2 -0.0735285 -0.127391 0.619999  0.00259941 -0.129381 0.708384
2 -0.0735285 -0.127391 0.619999  -0.00235303 -0.124767 0.72752
2 -0.0735285 -0.127391 0.619999  0.00417042 -0.125243 0.727432
2 -0.0735285 -0.127391 0.619999  -0.00138855 -0.127835 0.7406
2 -0.0735285 -0.127391 0.619999  -0.000811635 -0.126132 0.746573
2 -0.0735285 -0.127391 0.619999  0.00597513 -0.127345 0.728294
2 -0.0735285 -0.127391 0.619999  -0.00758511 -0.124762 0.689634
2 -0.0735285 -0.127391 0.619999  -0.00893919 -0.127515 0.687658
2 -0.0735285 -0.127391 0.619999  -0.00417935 -0.129662 0.68259
2 -0.0735285 -0.127391 0.619999  0.000287513 -0.124555 0.636039
2 -0.0735285 -0.127391 0.619999  -0.0150017 -0.123389 0.634579
2 -0.468806 -0.130524 -0.150911  -0.538855 -0.0744487 -0.19218
2 -0.468806 -0.130524 -0.150911  -0.577402 -0.101911 -0.205801
2 -0.326289 -0.108635 0.373846  -0.395599 -0.100891 0.310753
2 -0.326289 -0.108635 0.373846  -0.401051 -0.117219 0.306408
2 -0.326289 -0.108635 0.373846  -0.395844 -0.131095 0.2941
2 -0.326289 -0.108635 0.373846  -0.311718 -0.146408 0.378915
2 -0.289125 -0.092545 0.306995  -0.313795 -0.18761 0.285335
2 -0.289125 -0.092545 0.306995  -0.308548 -0.186444 0.304578
2 -0.289125 -0.092545 0.306995  -0.310798 -0.07987 0.320372
2 -0.22547 -0.128465 0.72482  -0.217789 -0.105946 0.787658
2 -0.22547 -0.128465 0.72482  -0.232474 -0.133056 0.778015
2 0.605571 -0.127778 -0.0044941  0.679417 -0.14881 -0.0735207
2 0.605571 -0.127778 -0.0044941  0.680207 -0.131048 -0.0775962
2 0.605571 -0.127778 -0.0044941  0.682713 -0.112424 -0.0721723
2 0.605571 -0.127778 -0.0044941  0.659438 -0.179145 -0.0416644
2 0.605571 -0.127778 -0.0044941  0.672034 -0.173885 -0.0479868
2 0.505439 -0.127358 0.306115  0.466062 -0.127157 0.316925
2 0.505439 -0.127358 0.306115  0.454091 -0.111446 0.318959
2 0.505439 -0.127358 0.306115  0.459234 -0.117832 0.312623
2 0.505439 -0.127358 0.306115  0.449836 -0.143523 0.319672
2 0.505439 -0.127358 0.306115  0.440247 -0.132597 0.340238
2 -0.0995435 -0.12777 -0.139353  -0.193802 -0.104145 -0.163653
2 -0.0995435 -0.12777 -0.139353  -0.106128 -0.217965 -0.14896
2 -0.0995435 -0.12777 -0.139353  -0.127788 -0.22395 -0.109829
2 -0.0995435 -0.12777 -0.139353  -0.210691 -0.128831 -0.174695
2 -0.0995435 -0.12777 -0.139353  -0.222906 -0.228524 -0.131236
2 -0.0995435 -0.12777 -0.139353  -0.259456 -0.21356 -0.110658
2 -0.0995435 -0.12777 -0.139353  -0.280253 -0.184136 -0.132274
2 -0.0995435 -0.12777 -0.139353  -0.278796 -0.171931 -0.145534
2 -0.0995435 -0.12777 -0.139353  -0.268791 -0.155958 -0.16018
2 -0.0995435 -0.12777 -0.139353  -0.154387 -0.225304 -0.0961674
2 -0.0995435 -0.12777 -0.139353  -0.19977 -0.229221 -0.136786
2 -0.0995435 -0.12777 -0.139353  -0.150925 -0.188549 -0.190265
2 -0.0995435 -0.12777 -0.139353  -0.121691 -0.211307 -0.171543
2 -0.0995435 -0.12777 -0.139353  -0.163651 -0.16828 -0.194295
2 -0.0995435 -0.12777 -0.139353  -0.131639 -0.201945 -0.188625
2 -0.0995435 -0.12777 -0.139353  -0.169171 -0.148436 -0.195664
2 -0.0995435 -0.12777 -0.139353  -0.17386 -0.124323 -0.184946
2 0.252082 -0.122467 0.438659  0.350349 -0.118401 0.382432
2 0.252082 -0.122467 0.438659  0.35086 -0.137828 0.381324
2 0.252082 -0.122467 0.438659  0.350109 -0.101775 0.372932
2 0.252082 -0.122467 0.438659  0.357792 -0.126282 0.363097
2 0.252082 -0.122467 0.438659  0.356653 -0.146093 0.364295
2 0.252082 -0.122467 0.438659  0.354924 -0.158256 0.359001
2 0.252082 -0.122467 0.438659  0.341246 -0.0838216 0.372278
2 0.252082 -0.122467 0.438659  0.346161 -0.168638 0.366048
2 0.252082 -0.122467 0.438659  0.285899 -0.163672 0.382725
2 0.252082 -0.122467 0.438659  0.277895 -0.142184 0.376617
2 0.252082 -0.122467 0.438659  0.286996 -0.0855954 0.380673
2 0.252082 -0.122467 0.438659  0.331841 -0.0875601 0.399129
2 0.252082 -0.122467 0.438659  0.275698 -0.102648 0.390278
2 0.252082 -0.122467 0.438659  0.273594 -0.125192 0.39031
2 0.252082 -0.122467 0.438659  0.325742 -0.0788123 0.393447
2 0.252082 -0.122467 0.438659  0.30802 -0.0767156 0.398031
2 0.252082 -0.122467 0.438659  0.290422 -0.0794424 0.398064
2 0.252082 -0.122467 0.438659  0.342967 -0.158072 0.385715
2 0.573806 -0.212377 -0.316483  0.632867 -0.217773 -0.224759
2 0.573806 -0.212377 -0.316483  0.649227 -0.230929 -0.277256
2 0.573806 -0.212377 -0.316483  0.640494 -0.236703 -0.2724
2 0.573806 -0.212377 -0.316483  0.6591 -0.218747 -0.276383
2 0.573806 -0.212377 -0.316483  0.639731 -0.182393 -0.260994
2 0.0773974 -0.104293 -0.0421873  0.163756 -0.192177 -0.0150318
2 0.0773974 -0.104293 -0.0421873  0.220503 -0.15768 0.0449938
2 0.0773974 -0.104293 -0.0421873  0.235055 -0.151069 0.0223875
2 0.0773974 -0.104293 -0.0421873  0.227201 -0.0974713 0.0179567
2 0.0773974 -0.104293 -0.0421873  0.230123 -0.162905 0.0135436
2 0.0773974 -0.104293 -0.0421873  0.209151 -0.17329 0.0171537
2 0.0773974 -0.104293 -0.0421873  0.17093 -0.0658855 -0.0599528
2 0.0773974 -0.104293 -0.0421873  0.171125 -0.0750586 -0.0874188
2 0.293605 -0.139823 -0.721188  0.308469 -0.17075 -0.856915
2 0.293605 -0.139823 -0.721188  0.297005 -0.100375 -0.845099
2 0.293605 -0.139823 -0.721188  0.299527 -0.11691 -0.794725
2 0.293605 -0.139823 -0.721188  0.300856 -0.0944387 -0.819466
2 0.293605 -0.139823 -0.721188  0.326876 -0.185967 -0.838031
2 -0.427087 -0.138237 -0.693836  -0.414976 -0.12611 -0.666193
2 -0.427087 -0.138237 -0.693836  -0.404838 -0.157777 -0.651873
2 -0.427087 -0.138237 -0.693836  -0.39628 -0.117194 -0.654385
2 -0.427087 -0.138237 -0.693836  -0.397005 -0.152947 -0.640033
2 -0.427087 -0.138237 -0.693836  -0.406539 -0.141107 -0.634266
2 -0.427087 -0.138237 -0.693836  -0.396334 -0.127682 -0.636637
2 -0.427087 -0.138237 -0.693836  -0.408871 -0.120116 -0.641355
2 -0.0898735 -0.140892 -0.551842  -0.0196445 -0.164006 -0.566717
2 -0.0898735 -0.140892 -0.551842  -0.0268603 -0.175709 -0.569318
2 -0.0898735 -0.140892 -0.551842  -0.0890704 -0.101922 -0.607529
2 -0.0898735 -0.140892 -0.551842  -0.0894072 -0.180814 -0.579428
2 -0.0898735 -0.140892 -0.551842  -0.0971826 -0.171032 -0.589798
2 -0.0898735 -0.140892 -0.551842  -0.0482815 -0.188681 -0.589147
2 -0.0898735 -0.140892 -0.551842  -0.0308512 -0.182768 -0.589319
2 -0.0898735 -0.140892 -0.551842  -0.054461 -0.0872664 -0.585589
2 -0.0898735 -0.140892 -0.551842  -0.0178174 -0.116994 -0.575626
2 -0.0898735 -0.140892 -0.551842  -0.025844 -0.103919 -0.579858
2 -0.0898735 -0.140892 -0.551842  -0.0419381 -0.0925614 -0.573465
2 -0.0898735 -0.140892 -0.551842  -0.0143776 -0.147861 -0.576136
2 -0.0825656 -0.141068 -0.471816  -0.129642 -0.109085 -0.456798
2 -0.0825656 -0.141068 -0.471816  -0.138168 -0.12199 -0.458038
2 -0.0825656 -0.141068 -0.471816  -0.0503429 -0.121017 -0.430798
2 -0.0825656 -0.141068 -0.471816  -0.050645 -0.108577 -0.460638
2 -0.0825656 -0.141068 -0.471816  -0.062572 -0.0969582 -0.463021
2 -0.0825656 -0.141068 -0.471816  -0.0713741 -0.0912704 -0.474499
2 -0.0825656 -0.141068 -0.471816  -0.0885061 -0.0893036 -0.452893
2 -0.0825656 -0.141068 -0.471816  -0.106158 -0.0903611 -0.427474
2 -0.0825656 -0.141068 -0.471816  -0.118793 -0.0969578 -0.437049
2 -0.442464 -0.129443 -0.215001  -0.517643 -0.179069 -0.228312
2 -0.442464 -0.129443 -0.215001  -0.499337 -0.179083 -0.220233
2 -0.442464 -0.129443 -0.215001  -0.490301 -0.0840318 -0.212118
2 -0.442464 -0.129443 -0.215001  -0.474692 -0.0954482 -0.214118
2 -0.442464 -0.129443 -0.215001  -0.475235 -0.111132 -0.209936
2 -0.442464 -0.129443 -0.215001  -0.470484 -0.149099 -0.212244
2 -0.442464 -0.129443 -0.215001  -0.478677 -0.169634 -0.216344
2 -0.442464 -0.129443 -0.215001  -0.52305 -0.1698 -0.245619
2 -0.442464 -0.129443 -0.215001  -0.524551 -0.0937629 -0.253536
2 -0.442464 -0.129443 -0.215001  -0.530595 -0.111403 -0.25759
2 -0.442464 -0.129443 -0.215001  -0.528342 -0.13455 -0.261651
2 0.474031 -0.12746 0.301982  0.432976 -0.139118 0.316126
2 0.474031 -0.12746 0.301982  0.433376 -0.122446 0.329203
2 0.474031 -0.12746 0.301982  0.435362 -0.114348 0.316389
2 0.474031 -0.12746 0.301982  0.420746 -0.120086 0.291412
2 0.474031 -0.12746 0.301982  0.452342 -0.136475 0.28871
2 0.474031 -0.12746 0.301982  0.447891 -0.113839 0.286442
2 0.474031 -0.12746 0.301982  0.452902 -0.124566 0.288192
2 0.474031 -0.12746 0.301982  0.443009 -0.144232 0.288342
2 0.474031 -0.12746 0.301982  0.428964 -0.143691 0.287177
2 0.474031 -0.12746 0.301982  0.423861 -0.129964 0.311825
2 0.670854 -0.126895 0.242808  0.660829 -0.100804 0.289918
2 0.670854 -0.126895 0.242808  0.666476 -0.0866007 0.296497
2 0.670854 -0.126895 0.242808  0.685783 -0.0752806 0.330622
2 0.670854 -0.126895 0.242808  0.704639 -0.15422 0.344383
2 0.670854 -0.126895 0.242808  0.709056 -0.134616 0.348877
2 0.670854 -0.126895 0.242808  0.70403 -0.0983216 0.344335
2 0.670854 -0.126895 0.242808  0.647284 -0.152666 0.302996
2 0.670854 -0.126895 0.242808  0.647724 -0.165438 0.316105
2 0.670854 -0.126895 0.242808  0.645333 -0.118543 0.299747
2 0.670854 -0.126895 0.242808  0.690847 -0.0828784 0.345995
2 0.670854 -0.126895 0.242808  0.68337 -0.167992 0.355665
2 0.670854 -0.126895 0.242808  0.692074 -0.137715 0.369229
2 0.670854 -0.126895 0.242808  0.695828 -0.118028 0.363596
2 0.458848 -0.12874 -0.0834493  0.428261 -0.171545 -0.122894
2 0.458848 -0.12874 -0.0834493  0.405505 -0.0763611 -0.152765
2 0.458848 -0.12874 -0.0834493  0.392782 -0.091579 -0.17209
2 0.458848 -0.12874 -0.0834493  0.384048 -0.109184 -0.177414
2 0.458848 -0.12874 -0.0834493  0.395989 -0.129858 -0.181323
2 0.458848 -0.12874 -0.0834493  0.381376 -0.080852 -0.115937
2 0.458848 -0.12874 -0.0834493  0.384344 -0.0982485 -0.0988072
2 0.458848 -0.12874 -0.0834493  0.379252 -0.0864604 -0.107436
2 0.458848 -0.12874 -0.0834493  0.411792 -0.114334 -0.0973423
2 0.458848 -0.12874 -0.0834493  0.411743 -0.148296 -0.0990154
2 0.458848 -0.12874 -0.0834493  0.412976 -0.130844 -0.0957098
2 0.258557 -0.127759 0.521009  0.231513 -0.156776 0.539681
2 0.258557 -0.127759 0.521009  0.235581 -0.143108 0.542385
2 0.258557 -0.127759 0.521009  0.236807 -0.124241 0.542037
2 0.258557 -0.127759 0.521009  0.228352 -0.169206 0.51813
2 0.258557 -0.127759 0.521009  0.207142 -0.153531 0.504122
2 0.258557 -0.127759 0.521009  0.23263 -0.0851731 0.492758
2 0.258557 -0.127759 0.521009  0.206916 -0.117959 0.502573
2 0.258557 -0.127759 0.521009  0.210822 -0.0915284 0.509444
2 0.258557 -0.127759 0.521009  0.213349 -0.0991596 0.498026
2 0.258557 -0.127759 0.521009  0.222304 -0.142365 0.479894
2 0.258557 -0.127759 0.521009  0.22456 -0.16023 0.484455
2 0.258557 -0.127759 0.521009  0.225588 -0.168281 0.49837
2 0.258557 -0.127759 0.521009  0.233804 -0.0925717 0.524498
2 0.258557 -0.127759 0.521009  0.24281 -0.107478 0.527427
2 0.258557 -0.127759 0.521009  0.243464 -0.084432 0.495525
2 0.258557 -0.127759 0.521009  0.234705 -0.0906361 0.47503
2 0.258557 -0.127759 0.521009  0.234283 -0.102482 0.466363
2 0.258557 -0.127759 0.521009  0.246065 -0.167 0.508746
2 0.258557 -0.127759 0.521009  0.256333 -0.120687 0.515267
2 0.768265 -0.209063 -0.28733  0.796629 -0.19864 -0.349095
2 0.768265 -0.209063 -0.28733  0.782921 -0.204408 -0.340667
2 0.768265 -0.209063 -0.28733  0.79326 -0.220144 -0.342941
2 0.768265 -0.209063 -0.28733  0.806056 -0.20137 -0.344783
2 0.768265 -0.209063 -0.28733  0.809874 -0.214515 -0.366798
2 0.768265 -0.209063 -0.28733  0.806806 -0.211412 -0.37655
2 0.768265 -0.209063 -0.28733  0.809729 -0.210635 -0.347993
2 0.768265 -0.209063 -0.28733  0.803926 -0.219375 -0.340085
2 0.768265 -0.209063 -0.28733  0.811186 -0.206634 -0.372611
2 0.768265 -0.209063 -0.28733  0.808163 -0.205328 -0.379487
2 0.768265 -0.209063 -0.28733  0.792634 -0.212387 -0.35688
2 0.768265 -0.209063 -0.28733  0.800794 -0.206303 -0.370367
2 0.768265 -0.209063 -0.28733  0.766323 -0.215439 -0.317266
2 0.768265 -0.209063 -0.28733  0.797231 -0.217258 -0.307528
2 0.768265 -0.209063 -0.28733  0.798567 -0.203995 -0.309468
2 0.768265 -0.209063 -0.28733  0.789615 -0.193389 -0.308851
2 0.768265 -0.209063 -0.28733  0.772356 -0.188204 -0.30088
2 0.768265 -0.209063 -0.28733  0.77348 -0.194532 -0.318416
2 0.768265 -0.209063 -0.28733  0.786201 -0.226482 -0.304799
2 -0.119457 -0.140429 -0.675145  -0.0860277 -0.177797 -0.716133
2 -0.119457 -0.140429 -0.675145  -0.0356614 -0.106268 -0.744295
2 0.0641279 -0.140008 -0.434342  0.0651116 -0.168108 -0.340687
2 0.0641279 -0.140008 -0.434342  0.0285916 -0.0939274 -0.329312
2 0.0641279 -0.140008 -0.434342  0.0706734 -0.119654 -0.359395
2 0.0641279 -0.140008 -0.434342  0.0523566 -0.0979388 -0.336718
2 0.0641279 -0.140008 -0.434342  0.0629806 -0.107171 -0.35041
2 0.0641279 -0.140008 -0.434342  0.0710658 -0.127744 -0.336145
2 0.0641279 -0.140008 -0.434342  0.0763011 -0.135407 -0.381308
2 0.0641279 -0.140008 -0.434342  0.0146219 -0.100766 -0.341588
2 0.0641279 -0.140008 -0.434342  0.00455776 -0.167474 -0.332768
2 0.0641279 -0.140008 -0.434342  0.0159886 -0.17912 -0.336442
2 0.0641279 -0.140008 -0.434342  -0.0027342 -0.13587 -0.328845
2 -0.146039 -0.140138 -0.747933  -0.0676691 -0.180213 -0.813194
2 -0.146039 -0.140138 -0.747933  -0.10887 -0.198014 -0.810129
2 -0.146039 -0.140138 -0.747933  -0.124883 -0.168091 -0.785898
2 -0.146039 -0.140138 -0.747933  -0.118783 -0.185678 -0.792587
2 -0.146039 -0.140138 -0.747933  -0.12146 -0.145391 -0.774296
2 -0.146039 -0.140138 -0.747933  -0.0930503 -0.0884742 -0.760065
2 -0.146039 -0.140138 -0.747933  -0.090869 -0.0823091 -0.778935
2 -0.146039 -0.140138 -0.747933  -0.0658499 -0.158827 -0.819758
2 -0.146039 -0.140138 -0.747933  -0.0590235 -0.130432 -0.808044
2 -0.385718 -0.133872 0.627802  -0.428748 -0.0968285 0.72645
2 -0.385718 -0.133872 0.627802  -0.415496 -0.0809964 0.726608
2 -0.385718 -0.133872 0.627802  -0.405922 -0.0746375 0.718543
2 -0.385718 -0.133872 0.627802  -0.42162 -0.159432 0.738509
2 -0.385718 -0.133872 0.627802  -0.43083 -0.142838 0.733541
2 -0.385718 -0.133872 0.627802  -0.420324 -0.12783 0.751961
2 -0.385718 -0.133872 0.627802  -0.419305 -0.10963 0.75002
2 -0.385718 -0.133872 0.627802  -0.379054 -0.0948347 0.717991
2 -0.385718 -0.133872 0.627802  -0.390032 -0.078879 0.723459
2 -0.385718 -0.133872 0.627802  -0.374011 -0.118262 0.719475
2 -0.385718 -0.133872 0.627802  -0.369908 -0.140848 0.731499
2 -0.385718 -0.133872 0.627802  -0.374075 -0.164593 0.734536
2 -0.385718 -0.133872 0.627802  -0.402911 -0.167502 0.758384
2 -0.385718 -0.133872 0.627802  -0.40055 -0.176642 0.745785
2 0.267263 -0.127262 0.773684  0.323566 -0.133147 0.848231
2 0.267263 -0.127262 0.773684  0.318721 -0.126354 0.90303
2 0.267263 -0.127262 0.773684  0.334011 -0.126021 0.859401
2 0.267263 -0.127262 0.773684  0.326736 -0.129824 0.877855
2 0.267263 -0.127262 0.773684  0.307906 -0.126645 0.92095
2 0.267263 -0.127262 0.773684  0.312458 -0.123928 0.90969
2 0.267263 -0.127262 0.773684  0.306203 -0.128115 0.910205
2 0.267263 -0.127262 0.773684  0.312068 -0.130334 0.877042
2 0.267263 -0.127262 0.773684  0.313842 -0.129736 0.901485
2 0.267263 -0.127262 0.773684  0.315517 -0.122117 0.882949
2 0.267263 -0.127262 0.773684  0.313174 -0.123841 0.864128
2 0.267263 -0.127262 0.773684  0.312473 -0.127666 0.85398
2 0.267263 -0.127262 0.773684  0.307537 -0.124955 0.906051
2 0.267263 -0.127262 0.773684  0.308155 -0.127117 0.888007
2 0.267263 -0.127262 0.773684  0.32431 -0.122471 0.874124
2 -0.645649 -0.209301 -0.283946  -0.622158 -0.201275 -0.268435
2 -0.645649 -0.209301 -0.283946  -0.612318 -0.189512 -0.267726
2 -0.645649 -0.209301 -0.283946  -0.59347 -0.186167 -0.267746
2 -0.645649 -0.209301 -0.283946  -0.611893 -0.189063 -0.244429
2 -0.645649 -0.209301 -0.283946  -0.607862 -0.198771 -0.231349
2 -0.645649 -0.209301 -0.283946  -0.599606 -0.210921 -0.232989
2 -0.645649 -0.209301 -0.283946  -0.603428 -0.224821 -0.239421
2 -0.464486 -0.138431 -0.797594  -0.516043 -0.1071 -0.770162
2 -0.464486 -0.138431 -0.797594  -0.50137 -0.132783 -0.780118
2 -0.464486 -0.138431 -0.797594  -0.507059 -0.115782 -0.779789
2 -0.464486 -0.138431 -0.797594  -0.544538 -0.129358 -0.762298
2 -0.464486 -0.138431 -0.797594  -0.542415 -0.144479 -0.75645
2 -0.464486 -0.138431 -0.797594  -0.534979 -0.160365 -0.755914
2 -0.464486 -0.138431 -0.797594  -0.535549 -0.118396 -0.749318
2 0.0816106 -0.140287 -0.485144  0.0191183 -0.102789 -0.404534
2 0.0816106 -0.140287 -0.485144  0.0289751 -0.181809 -0.420434
2 0.0816106 -0.140287 -0.485144  0.00540247 -0.141362 -0.411148
2 0.0816106 -0.140287 -0.485144  0.00895502 -0.123666 -0.418128
2 0.0816106 -0.140287 -0.485144  0.0152599 -0.111413 -0.427208
2 0.0816106 -0.140287 -0.485144  0.0870318 -0.142654 -0.442711
2 0.0816106 -0.140287 -0.485144  0.0831196 -0.12423 -0.436627
2 0.0816106 -0.140287 -0.485144  0.0752061 -0.109687 -0.43085
2 0.0816106 -0.140287 -0.485144  0.0765083 -0.170997 -0.446393
2 0.0816106 -0.140287 -0.485144  0.0420011 -0.184006 -0.430718
2 0.0020537 -0.105806 -0.0450554  0.0717203 -0.0197382 -0.0916771
2 0.0020537 -0.105806 -0.0450554  0.0620233 -0.219888 -0.0777938
2 0.0020537 -0.105806 -0.0450554  0.0702899 -0.214895 -0.0153274
2 0.0020537 -0.105806 -0.0450554  0.0825619 0.00764016 -0.062808
2 0.0020537 -0.105806 -0.0450554  0.128708 0.010642 -0.0340286
2 0.0020537 -0.105806 -0.0450554  0.111926 0.0172924 -0.0465675
2 0.0020537 -0.105806 -0.0450554  0.0878639 -0.194203 0.0831827
2 0.0020537 -0.105806 -0.0450554  0.0706254 -0.206803 0.0323838
2 0.0020537 -0.105806 -0.0450554  0.0527782 -0.003476 -0.0802846
2 0.0020537 -0.105806 -0.0450554  0.00157912 -0.219301 -0.0494811
2 0.0020537 -0.105806 -0.0450554  0.00976954 0.00466463 -0.0796685
2 0.0020537 -0.105806 -0.0450554  -0.103073 0.00742721 -0.0811019
2 0.0020537 -0.105806 -0.0450554  -0.157148 -0.0102693 -0.081004
2 0.0020537 -0.105806 -0.0450554  -0.175769 -0.055629 -0.11933
2 0.0020537 -0.105806 -0.0450554  -0.117822 -0.222 -0.0501547
2 0.0020537 -0.105806 -0.0450554  -0.0690715 0.0176784 -0.071816
2 0.0020537 -0.105806 -0.0450554  -0.127766 -0.0120591 -0.0962158
2 0.59921 -0.139327 -0.661469  0.609287 -0.138474 -0.595596
2 0.59921 -0.139327 -0.661469  0.616324 -0.165857 -0.583525
2 0.59921 -0.139327 -0.661469  0.617907 -0.166681 -0.556127
2 0.59921 -0.139327 -0.661469  0.62418 -0.154859 -0.547047
2 0.59921 -0.139327 -0.661469  0.63071 -0.140979 -0.542584
2 0.59921 -0.139327 -0.661469  0.619619 -0.129786 -0.541775
2 0.59921 -0.139327 -0.661469  0.625972 -0.110253 -0.567921
2 0.59921 -0.139327 -0.661469  0.624537 -0.118606 -0.551096
2 0.59921 -0.139327 -0.661469  0.618895 -0.111254 -0.587164
2 0.59921 -0.139327 -0.661469  0.623749 -0.124114 -0.595758
2 0.59921 -0.139327 -0.661469  0.622734 -0.15189 -0.594933
2 0.577214 -0.139297 -0.676917  0.579543 -0.112268 -0.59019
2 0.577214 -0.139297 -0.676917  0.593774 -0.156419 -0.589789
2 0.577214 -0.139297 -0.676917  0.588537 -0.171621 -0.56601
2 0.577214 -0.139297 -0.676917  0.584489 -0.160579 -0.549455
2 0.577214 -0.139297 -0.676917  0.590299 -0.122829 -0.543508
2 0.577214 -0.139297 -0.676917  0.593597 -0.141091 -0.540858
2 0.577214 -0.139297 -0.676917  0.594709 -0.123141 -0.592066
2 0.577214 -0.139297 -0.676917  0.581 -0.109626 -0.558489
2 0.177529 -0.140243 -0.645915  0.159232 -0.12363 -0.796061
2 0.177529 -0.140243 -0.645915  0.1722 -0.184557 -0.775053
2 0.177529 -0.140243 -0.645915  0.181506 -0.186931 -0.760069
2 0.177529 -0.140243 -0.645915  0.197263 -0.175361 -0.747983
2 0.177529 -0.140243 -0.645915  0.188766 -0.0951212 -0.785364
2 0.177529 -0.140243 -0.645915  0.171645 -0.161451 -0.804503
2 0.177529 -0.140243 -0.645915  0.166259 -0.141413 -0.803051
2 0.177529 -0.140243 -0.645915  0.173002 -0.175799 -0.79609
2 0.177529 -0.140243 -0.645915  0.170003 -0.111182 -0.797993
2 0.534764 -0.139264 -0.706185  0.549694 -0.177418 -0.58027
2 0.534764 -0.139264 -0.706185  0.544003 -0.169025 -0.566736
2 0.534764 -0.139264 -0.706185  0.55222 -0.110583 -0.598602
2 0.534764 -0.139264 -0.706185  0.547711 -0.10253 -0.578562
2 0.534764 -0.139264 -0.706185  0.533734 -0.126189 -0.558785
2 0.534764 -0.139264 -0.706185  0.537384 -0.110341 -0.569358
2 -0.0789204 -0.141041 -0.393791  -0.1199 -0.0931883 -0.365144
2 -0.0789204 -0.141041 -0.393791  -0.120705 -0.185928 -0.367285
2 -0.0789204 -0.141041 -0.393791  -0.0614139 -0.139999 -0.34227
2 -0.0789204 -0.141041 -0.393791  -0.0643374 -0.159964 -0.345878
2 -0.0789204 -0.141041 -0.393791  -0.0840001 -0.0990686 -0.324318
2 -0.0789204 -0.141041 -0.393791  -0.0896133 -0.0934739 -0.352139
2 -0.0789204 -0.141041 -0.393791  -0.0990612 -0.0901575 -0.349533
2 -0.441613 -0.138772 -0.881201  -0.514499 -0.0958416 -0.905488
2 -0.441613 -0.138772 -0.881201  -0.484974 -0.14323 -0.882816
2 -0.441613 -0.138772 -0.881201  -0.488625 -0.111174 -0.884792
2 -0.441613 -0.138772 -0.881201  -0.51972 -0.184493 -0.898027
2 0.0175413 -0.0660826 0.0936282  0.0951886 -0.118835 0.298431
2 0.0175413 -0.0660826 0.0936282  0.181048 -0.0393731 0.201165
2 0.0175413 -0.0660826 0.0936282  0.0754525 -0.106224 0.31923
2 0.0175413 -0.0660826 0.0936282  0.135001 -0.0616247 0.313456
2 0.0175413 -0.0660826 0.0936282  0.144835 -0.050772 0.299322
2 0.0175413 -0.0660826 0.0936282  0.114542 -0.092839 0.321015
2 0.0175413 -0.0660826 0.0936282  0.124907 -0.0782969 0.320788
2 0.0175413 -0.0660826 0.0936282  0.145408 -0.0256079 0.297466
2 0.0175413 -0.0660826 0.0936282  0.15782 -0.0146066 0.270505
2 0.0175413 -0.0660826 0.0936282  0.167583 -0.019126 0.24152
2 0.0175413 -0.0660826 0.0936282  0.123787 -0.109461 0.308375
2 0.0175413 -0.0660826 0.0936282  0.162651 -0.0541299 0.2718
2 0.0175413 -0.0660826 0.0936282  0.159781 -0.064956 0.289572
2 0.0175413 -0.0660826 0.0936282  0.170105 -0.0439213 0.244366
2 0.0175413 -0.0660826 0.0936282  0.105921 -0.147866 0.237928
2 0.0175413 -0.0660826 0.0936282  0.0945268 -0.132963 0.271775
2 -0.247473 -0.126956 -0.390377  -0.19825 -0.118883 -0.400156
2 -0.247473 -0.126956 -0.390377  -0.200017 -0.142004 -0.381397
2 -0.247473 -0.126956 -0.390377  -0.219931 -0.141803 -0.379403
2 0.565399 -0.127162 0.309497  0.518161 -0.109752 0.359249
2 0.565399 -0.127162 0.309497  0.537339 -0.125533 0.347702
2 0.565399 -0.127162 0.309497  0.531041 -0.114678 0.35282
2 0.555988 -0.127192 0.309683  0.511075 -0.123813 0.346749
2 0.555988 -0.127192 0.309683  0.504734 -0.118252 0.348861
2 0.555988 -0.127192 0.309683  0.510293 -0.147231 0.368934
2 0.555988 -0.127192 0.309683  0.49905 -0.142846 0.383753
2 0.555988 -0.127192 0.309683  0.502837 -0.131838 0.398085
2 0.555988 -0.127192 0.309683  0.500404 -0.122137 0.399263
2 0.555988 -0.127192 0.309683  0.506799 -0.113217 0.391076
2 0.555988 -0.127192 0.309683  0.518586 -0.13958 0.353828
2 0.555988 -0.127192 0.309683  0.500573 -0.108435 0.364798
2 0.644935 -0.127393 0.0497013  0.681757 -0.144667 0.0505656
2 0.644935 -0.127393 0.0497013  0.675371 -0.107774 0.0404662
2 0.644935 -0.127393 0.0497013  0.686176 -0.0867353 0.0391696
2 0.644935 -0.127393 0.0497013  0.706262 -0.0813351 0.00516663
2 0.644935 -0.127393 0.0497013  0.727374 -0.160764 0.0153664
2 0.333124 -0.123167 -0.0702737  0.334482 -0.103728 -0.0798364
2 0.333124 -0.123167 -0.0702737  0.344982 -0.126246 -0.0786591
2 0.333124 -0.123167 -0.0702737  0.324223 -0.174755 -0.135901
2 0.333124 -0.123167 -0.0702737  0.311458 -0.166818 -0.147338
2 0.333124 -0.123167 -0.0702737  0.297271 -0.134959 -0.16233
2 0.333124 -0.123167 -0.0702737  0.2995 -0.152688 -0.156087
2 -0.388313 -0.130657 0.530324  -0.405065 -0.0856793 0.53179
2 -0.388313 -0.130657 0.530324  -0.421834 -0.176656 0.555941
2 -0.388313 -0.130657 0.530324  -0.467709 -0.135119 0.544807
2 -0.388313 -0.130657 0.530324  -0.466173 -0.116148 0.55424
2 -0.388313 -0.130657 0.530324  -0.457262 -0.0951773 0.543242
2 -0.388313 -0.130657 0.530324  -0.449437 -0.0842954 0.547768
2 -0.388313 -0.130657 0.530324  -0.437125 -0.0788834 0.542671
2 -0.388313 -0.130657 0.530324  -0.434913 -0.17557 0.540987
2 -0.388313 -0.130657 0.530324  -0.458061 -0.16185 0.536138
2 -0.388313 -0.130657 0.530324  -0.394591 -0.102074 0.542955
2 -0.388313 -0.130657 0.530324  -0.400156 -0.162981 0.544627
2 -0.388313 -0.130657 0.530324  -0.39135 -0.145514 0.540509
2 -0.388313 -0.130657 0.530324  -0.389054 -0.122921 0.535256
2 0.186272 -0.087596 0.32619  0.259967 -0.175257 0.249217
2 0.186272 -0.087596 0.32619  0.275163 -0.172479 0.245368
2 0.186272 -0.087596 0.32619  0.28846 -0.165624 0.248043
2 0.186272 -0.087596 0.32619  0.308932 -0.133013 0.258332
2 0.186272 -0.087596 0.32619  0.233405 -0.101301 0.296072
2 0.186272 -0.087596 0.32619  0.226037 -0.121916 0.301437
2 0.186272 -0.087596 0.32619  0.226956 -0.152298 0.292594
2 0.186272 -0.087596 0.32619  0.222503 -0.161249 0.277824
2 0.20569 -0.0975522 0.354773  0.316839 -0.0775527 0.322487
2 0.20569 -0.0975522 0.354773  0.285232 -0.0792893 0.324482
2 0.20569 -0.0975522 0.354773  0.274337 -0.0869182 0.324892
2 0.20569 -0.0975522 0.354773  0.26792 -0.100837 0.330709
2 0.20569 -0.0975522 0.354773  0.261466 -0.126556 0.332479
2 0.20569 -0.0975522 0.354773  0.26702 -0.154545 0.331522
2 0.20569 -0.0975522 0.354773  0.342168 -0.113138 0.304455
2 0.20569 -0.0975522 0.354773  0.334839 -0.131031 0.292946
2 0.20569 -0.0975522 0.354773  0.253343 -0.106776 0.314845
2 0.20569 -0.0975522 0.354773  0.32991 -0.0974614 0.296608
2 0.20569 -0.0975522 0.354773  0.294561 -0.0752672 0.309627
2 0.20569 -0.0975522 0.354773  0.306512 -0.170363 0.281424
2 0.20569 -0.0975522 0.354773  0.281114 -0.177101 0.290973
2 0.20569 -0.0975522 0.354773  0.265368 -0.170214 0.305818
2 0.20569 -0.0975522 0.354773  0.308069 -0.0839954 0.284095
2 0.20569 -0.0975522 0.354773  0.257728 -0.087483 0.29905
2 0.20569 -0.0975522 0.354773  0.272754 -0.0772691 0.288356
2 0.20569 -0.0975522 0.354773  0.244531 -0.120642 0.312457
2 -0.304897 -0.107551 0.0698639  -0.356578 -0.106696 -0.00127372
2 -0.304897 -0.107551 0.0698639  -0.356434 -0.149818 -0.00618632
2 -0.304897 -0.107551 0.0698639  -0.382603 -0.076164 0.0909216
2 -0.304897 -0.107551 0.0698639  -0.365313 -0.08529 0.0283662
2 -0.304897 -0.107551 0.0698639  -0.369054 -0.0793677 0.050523
2 -0.304897 -0.107551 0.0698639  -0.406251 -0.177873 0.0545934
2 -0.304897 -0.107551 0.0698639  -0.419483 -0.0936988 0.110628
2 -0.304897 -0.107551 0.0698639  -0.417305 -0.133348 0.116014
2 -0.304897 -0.107551 0.0698639  -0.418449 -0.10447 0.118209
2 -0.470497 -0.131211 -0.0794285  -0.589671 -0.123656 -0.0883459
2 -0.470497 -0.131211 -0.0794285  -0.570566 -0.080353 -0.129896
2 -0.470497 -0.131211 -0.0794285  -0.589977 -0.103665 -0.107818
2 -0.470497 -0.131211 -0.0794285  -0.554754 -0.176183 -0.0962168
2 -0.470497 -0.131211 -0.0794285  -0.569849 -0.168367 -0.091139
2 -0.470497 -0.131211 -0.0794285  -0.484781 -0.144838 -0.120833
2 -0.470497 -0.131211 -0.0794285  -0.547214 -0.0750222 -0.142183
2 -0.470497 -0.131211 -0.0794285  -0.511044 -0.0857577 -0.14424
2 -0.470497 -0.131211 -0.0794285  -0.585576 -0.159152 -0.104298
2 -0.470497 -0.131211 -0.0794285  -0.590095 -0.145218 -0.0950864
2 -0.470497 -0.131211 -0.0794285  -0.492459 -0.111272 -0.13836
2 -0.470497 -0.131211 -0.0794285  -0.49409 -0.159633 -0.123396
2 -0.470497 -0.131211 -0.0794285  -0.501251 -0.170727 -0.107904
2 -0.470497 -0.131211 -0.0794285  -0.521854 -0.177708 -0.105245
2 -0.470497 -0.131211 -0.0794285  -0.495236 -0.151322 -0.139742
2 -0.470497 -0.131211 -0.0794285  -0.491608 -0.133876 -0.142105
2 0.0933266 -0.0507407 0.216531  0.166256 -0.137023 0.280269
2 0.0933266 -0.0507407 0.216531  0.175423 -0.126233 0.293173
2 0.0933266 -0.0507407 0.216531  0.173464 -0.149334 0.264288
2 0.0933266 -0.0507407 0.216531  0.193188 -0.0733724 0.265666
2 0.0933266 -0.0507407 0.216531  0.19248 -0.0787704 0.279911
2 0.0933266 -0.0507407 0.216531  0.190465 -0.0864732 0.290069
2 0.0933266 -0.0507407 0.216531  0.18653 -0.0984536 0.298376
2 -0.18511 -0.0871415 0.0861934  -0.31796 -0.0608618 0.124065
2 -0.18511 -0.0871415 0.0861934  -0.32897 -0.187691 0.0888083
2 -0.18511 -0.0871415 0.0861934  -0.280082 -0.190618 0.149777
2 -0.18511 -0.0871415 0.0861934  -0.31094 -0.0591469 0.156741
2 -0.18511 -0.0871415 0.0861934  -0.297594 -0.0522347 0.166209
2 -0.18511 -0.0871415 0.0861934  -0.28483 -0.0478971 0.191243
2 -0.18511 -0.0871415 0.0861934  -0.19501 -0.18195 0.231239
2 -0.18511 -0.0871415 0.0861934  -0.299084 -0.0496308 0.134652
2 -0.18511 -0.0871415 0.0861934  -0.310084 -0.0591787 0.0828603
2 -0.18511 -0.0871415 0.0861934  -0.245956 -0.197066 0.155772
2 -0.18511 -0.0871415 0.0861934  -0.195077 -0.19096 0.194041
2 -0.18511 -0.0871415 0.0861934  -0.29248 -0.192821 0.111609
2 -0.18511 -0.0871415 0.0861934  -0.307294 -0.0645145 0.0488774
2 -0.18511 -0.0871415 0.0861934  -0.3202 -0.0882775 0.0207638
2 -0.18511 -0.0871415 0.0861934  -0.337134 -0.134166 -0.00441221
2 -0.18511 -0.0871415 0.0861934  -0.308417 -0.0756497 0.0268558
2 -0.18511 -0.0871415 0.0861934  -0.289337 -0.044436 0.0512716
2 -0.18511 -0.0871415 0.0861934  -0.295685 -0.0447745 0.0936954
2 -0.18511 -0.0871415 0.0861934  -0.285324 -0.0403858 0.153367
2 -0.18511 -0.0871415 0.0861934  -0.175491 -0.16966 0.256238
2 -0.18511 -0.0871415 0.0861934  -0.266456 -0.0429502 0.224214
2 -0.18511 -0.0871415 0.0861934  -0.172548 -0.128699 0.339249
2 -0.18511 -0.0871415 0.0861934  -0.249967 -0.0410236 0.255454
2 -0.18511 -0.0871415 0.0861934  -0.23451 -0.0479338 0.299112
2 0.538196 -0.12725 0.308933  0.499221 -0.133141 0.342961
2 0.538196 -0.12725 0.308933  0.481999 -0.141663 0.344591
2 0.538196 -0.12725 0.308933  0.477735 -0.123478 0.38175
2 0.538196 -0.12725 0.308933  0.467903 -0.133502 0.370871
2 0.538196 -0.12725 0.308933  0.487608 -0.126611 0.337629
2 0.538196 -0.12725 0.308933  0.482517 -0.116596 0.339753
2 0.538196 -0.12725 0.308933  0.451006 -0.125442 0.356965
2 0.538196 -0.12725 0.308933  0.461299 -0.115924 0.354048
2 0.538196 -0.12725 0.308933  0.464481 -0.141359 0.350957
2 0.257684 -0.128304 0.552077  0.177588 -0.121262 0.550122
2 0.257684 -0.128304 0.552077  0.177674 -0.153753 0.558816
2 0.257684 -0.128304 0.552077  0.194464 -0.163292 0.553969
2 0.257684 -0.128304 0.552077  0.217629 -0.160406 0.554141
2 -0.314394 -0.138573 -0.704108  -0.371363 -0.139271 -0.800337
2 -0.314394 -0.138573 -0.704108  -0.356763 -0.138942 -0.800641
2 -0.314394 -0.138573 -0.704108  -0.33501 -0.139886 -0.794094
2 -0.314394 -0.138573 -0.704108  -0.385031 -0.138443 -0.798226
2 -0.314394 -0.138573 -0.704108  -0.355559 -0.138042 -0.798811
2 -0.314394 -0.138573 -0.704108  -0.328338 -0.135419 -0.789492
2 -0.314394 -0.138573 -0.704108  -0.317247 -0.137325 -0.784003
2 -0.314394 -0.138573 -0.704108  -0.358061 -0.137693 -0.799685
2 -0.314394 -0.138573 -0.704108  -0.381934 -0.138812 -0.799283
2 -0.314394 -0.138573 -0.704108  -0.397292 -0.138877 -0.795806
2 -0.314394 -0.138573 -0.704108  -0.398271 -0.138907 -0.795611
2 -0.314394 -0.138573 -0.704108  -0.393832 -0.139156 -0.796882
2 -0.314394 -0.138573 -0.704108  -0.386316 -0.138881 -0.79832
2 -0.314394 -0.138573 -0.704108  -0.306424 -0.142103 -0.77072
2 -0.314394 -0.138573 -0.704108  -0.315573 -0.141696 -0.77566
2 -0.314394 -0.138573 -0.704108  -0.315828 -0.13793 -0.772369
2 -0.314394 -0.138573 -0.704108  -0.331113 -0.137934 -0.790964
2 -0.314394 -0.138573 -0.704108  -0.314463 -0.133807 -0.772205
2 -0.334632 -0.138519 -0.696058  -0.313918 -0.134751 -0.73066
2 -0.334632 -0.138519 -0.696058  -0.291137 -0.137529 -0.718005
2 -0.688053 -0.21011 -0.420826  -0.80564 -0.191395 -0.402507
2 -0.688053 -0.21011 -0.420826  -0.780484 -0.181431 -0.381564
2 -0.688053 -0.21011 -0.420826  -0.772343 -0.185705 -0.376237
2 -0.688053 -0.21011 -0.420826  -0.79357 -0.183098 -0.389627
2 -0.688053 -0.21011 -0.420826  -0.81014 -0.203799 -0.417444
2 -0.688053 -0.21011 -0.420826  -0.778824 -0.236128 -0.404659
2 -0.688053 -0.21011 -0.420826  -0.813365 -0.215675 -0.394276
2 -0.688053 -0.21011 -0.420826  -0.799429 -0.229181 -0.419623
2 -0.688053 -0.21011 -0.420826  -0.814683 -0.201958 -0.377192
2 -0.688053 -0.21011 -0.420826  -0.772415 -0.232525 -0.392942
2 -0.688053 -0.21011 -0.420826  -0.765488 -0.222653 -0.38158
2 0.451988 -0.127825 0.246941  0.45452 -0.135541 0.217895
2 0.451988 -0.127825 0.246941  0.444486 -0.13958 0.213481
2 0.451988 -0.127825 0.246941  0.450491 -0.116862 0.224105
2 0.451988 -0.127825 0.246941  0.451113 -0.126311 0.231672
2 0.451988 -0.127825 0.246941  0.437792 -0.119783 0.206033
2 0.451988 -0.127825 0.246941  0.44072 -0.130521 0.198584
2 0.457992 -0.127633 0.27483  0.417669 -0.131001 0.245041
2 0.457992 -0.127633 0.27483  0.431093 -0.144509 0.254159
2 0.457992 -0.127633 0.27483  0.420668 -0.140538 0.25867
2 0.457992 -0.127633 0.27483  0.443294 -0.141712 0.252835
2 0.457992 -0.127633 0.27483  0.448953 -0.132118 0.256528
2 0.457992 -0.127633 0.27483  0.442596 -0.111663 0.25624
2 0.457992 -0.127633 0.27483  0.447941 -0.119944 0.257469
2 0.457992 -0.127633 0.27483  0.421062 -0.114791 0.260024
2 0.457992 -0.127633 0.27483  0.415934 -0.123002 0.26093
2 -0.394567 -0.133382 0.58879  -0.388514 -0.10249 0.668972
2 -0.394567 -0.133382 0.58879  -0.39087 -0.0918109 0.677661
2 -0.394567 -0.133382 0.58879  -0.392071 -0.154274 0.664216
2 -0.394567 -0.133382 0.58879  -0.387907 -0.138995 0.665366
2 -0.394567 -0.133382 0.58879  -0.387964 -0.119606 0.660977
2 -0.394567 -0.133382 0.58879  -0.45256 -0.0955719 0.653526
2 -0.394567 -0.133382 0.58879  -0.462659 -0.118688 0.640737
2 -0.394567 -0.133382 0.58879  -0.40683 -0.0813306 0.650156
2 -0.394567 -0.133382 0.58879  -0.424636 -0.0763729 0.65204
2 -0.394567 -0.133382 0.58879  -0.439955 -0.0816411 0.655823
2 -0.394567 -0.133382 0.58879  -0.395384 -0.0981481 0.637492
2 -0.394567 -0.133382 0.58879  -0.462326 -0.132753 0.659787
2 -0.394567 -0.133382 0.58879  -0.45652 -0.143184 0.672801
2 -0.394567 -0.133382 0.58879  -0.401812 -0.170927 0.658702
2 -0.394567 -0.133382 0.58879  -0.440447 -0.168414 0.672508
2 -0.394567 -0.133382 0.58879  -0.430402 -0.17596 0.666855
2 0.451335 -0.127944 0.23059  0.463275 -0.123444 0.180435
2 0.451335 -0.127944 0.23059  0.461993 -0.125829 0.205447
2 0.451335 -0.127944 0.23059  0.468624 -0.11946 0.194395
2 0.451335 -0.127944 0.23059  0.457271 -0.116381 0.198281
2 -0.344106 -0.138494 -0.693033  -0.296728 -0.14257 -0.693449
2 -0.344106 -0.138494 -0.693033  -0.29415 -0.146127 -0.709389
2 -0.344106 -0.138494 -0.693033  -0.308738 -0.149885 -0.710484
2 -0.344106 -0.138494 -0.693033  -0.318707 -0.144361 -0.718452
2 -0.344106 -0.138494 -0.693033  -0.302489 -0.128272 -0.708236
2 -0.344106 -0.138494 -0.693033  -0.316631 -0.127489 -0.71017
2 0.451835 -0.128008 0.221477  0.481916 -0.125073 0.185768
2 0.451835 -0.128008 0.221477  0.47224 -0.13655 0.186675
2 0.451835 -0.128008 0.221477  0.466721 -0.132484 0.179382
2 0.451835 -0.128008 0.221477  0.478062 -0.132197 0.189222
2 0.451835 -0.128008 0.221477  0.48983 -0.126867 0.166774
2 0.451835 -0.128008 0.221477  0.497942 -0.122342 0.175839
2 -0.325434 -0.138543 -0.699376  -0.307081 -0.130146 -0.744507
2 -0.325434 -0.138543 -0.699376  -0.29937 -0.127731 -0.732407
2 -0.325434 -0.138543 -0.699376  -0.29209 -0.131203 -0.736321
2 -0.325434 -0.138543 -0.699376  -0.311959 -0.140524 -0.751933
2 -0.325434 -0.138543 -0.699376  -0.305995 -0.145484 -0.747042
2 -0.325434 -0.138543 -0.699376  -0.31143 -0.134876 -0.755627
2 -0.325434 -0.138543 -0.699376  -0.294767 -0.144427 -0.737598
2 -0.234834 -0.128818 0.724538  -0.242863 -0.107372 0.791511
2 -0.234834 -0.128818 0.724538  -0.240892 -0.120298 0.785692
2 -0.190032 -0.127514 0.714484  -0.212334 -0.139602 0.725268
2 -0.190032 -0.127514 0.714484  -0.212572 -0.121567 0.716818
2 -0.190032 -0.127514 0.714484  -0.214158 -0.13021 0.723665
2 -0.190032 -0.127514 0.714484  -0.214222 -0.115862 0.736124
2 -0.190032 -0.127514 0.714484  -0.203907 -0.109441 0.726761
2 -0.190032 -0.127514 0.714484  -0.182037 -0.117843 0.73528
2 -0.190032 -0.127514 0.714484  -0.176176 -0.126737 0.734473
2 -0.190032 -0.127514 0.714484  -0.178006 -0.132576 0.753177
2 -0.190032 -0.127514 0.714484  -0.187646 -0.139528 0.75634
2 -0.190032 -0.127514 0.714484  -0.197909 -0.144404 0.737693
2 -0.190032 -0.127514 0.714484  -0.181721 -0.12652 0.767889
2 -0.190032 -0.127514 0.714484  -0.184773 -0.134483 0.778991
2 -0.190032 -0.127514 0.714484  -0.21886 -0.13536 0.753683
2 -0.190032 -0.127514 0.714484  -0.219152 -0.125483 0.75002
2 -0.190032 -0.127514 0.714484  -0.219571 -0.144576 0.765851
2 -0.0864232 -0.127391 0.627752  -0.0434718 -0.127092 0.576862
2 -0.0864232 -0.127391 0.627752  -0.0476913 -0.122034 0.596364
2 -0.0864232 -0.127391 0.627752  -0.0268539 -0.123329 0.59513
2 -0.0864232 -0.127391 0.627752  -0.0378032 -0.131989 0.604771
2 -0.0864232 -0.127391 0.627752  -0.0205223 -0.130149 0.60022
2 -0.0864232 -0.127391 0.627752  -0.00945121 -0.126362 0.600308
2 -0.0864232 -0.127391 0.627752  -0.0377933 -0.128809 0.607559
2 -0.0864232 -0.127391 0.627752  -0.0298912 -0.12532 0.616355
2 -0.366874 -0.128148 -0.290503  -0.252075 -0.156204 -0.266095
2 -0.366874 -0.128148 -0.290503  -0.261679 -0.0980738 -0.276216
2 -0.366874 -0.128148 -0.290503  -0.269101 -0.118644 -0.284813
2 -0.366874 -0.128148 -0.290503  -0.272224 -0.105218 -0.278938
2 -0.366874 -0.128148 -0.290503  -0.263985 -0.133768 -0.240003
2 -0.366874 -0.128148 -0.290503  -0.277122 -0.111183 -0.238489
2 -0.366874 -0.128148 -0.290503  -0.276345 -0.0957795 -0.254314
2 -0.366874 -0.128148 -0.290503  -0.276319 -0.153062 -0.278657
2 0.465292 -0.12753 0.292381  0.439562 -0.108961 0.276903
2 0.465292 -0.12753 0.292381  0.430547 -0.11087 0.28343
2 0.465292 -0.12753 0.292381  0.418529 -0.133557 0.281417
2 0.0323284 -0.138422 -0.327573  0.0215442 -0.186998 -0.268777
2 0.0323284 -0.138422 -0.327573  0.0383991 -0.183658 -0.277759
2 0.0323284 -0.138422 -0.327573  0.0653652 -0.159493 -0.281579
2 0.0323284 -0.138422 -0.327573  0.06577 -0.126468 -0.284583
2 0.0323284 -0.138422 -0.327573  0.068333 -0.144732 -0.281444
2 0.0323284 -0.138422 -0.327573  0.0280434 -0.0942466 -0.276271
2 0.0323284 -0.138422 -0.327573  0.00924496 -0.184221 -0.27567
2 0.0323284 -0.138422 -0.327573  -0.0140871 -0.155777 -0.280216
2 0.0323284 -0.138422 -0.327573  -0.0135864 -0.132464 -0.281456
2 0.68154 -0.139783 -0.721529  0.674645 -0.140402 -0.733912
2 0.68154 -0.139783 -0.721529  0.680343 -0.126838 -0.748375
2 0.68154 -0.139783 -0.721529  0.672666 -0.152653 -0.748917
2 0.68154 -0.139783 -0.721529  0.684233 -0.132819 -0.76132
2 0.68154 -0.139783 -0.721529  0.6744 -0.15078 -0.758293
2 0.68154 -0.139783 -0.721529  0.679046 -0.142967 -0.764913
2 0.68154 -0.139783 -0.721529  0.661518 -0.131289 -0.74195
2 -0.602676 -0.209348 -0.296752  -0.546879 -0.193094 -0.327113
2 -0.602676 -0.209348 -0.296752  -0.560718 -0.210138 -0.325153
2 -0.602676 -0.209348 -0.296752  -0.558458 -0.196122 -0.324321
2 -0.602676 -0.209348 -0.296752  -0.553108 -0.227106 -0.323354
2 -0.602676 -0.209348 -0.296752  -0.539575 -0.208863 -0.315957
2 -0.670372 -0.210513 -0.462388  -0.771074 -0.182134 -0.437858
2 -0.670372 -0.210513 -0.462388  -0.752782 -0.195688 -0.435899
2 -0.670372 -0.210513 -0.462388  -0.748205 -0.218772 -0.444689
2 0.6876 -0.126942 0.164292  0.698538 -0.116613 0.205461
2 0.6876 -0.126942 0.164292  0.705713 -0.0923312 0.207143
2 0.6876 -0.126942 0.164292  0.728133 -0.0762169 0.221174
2 0.6876 -0.126942 0.164292  0.739748 -0.0845454 0.237326
2 0.6876 -0.126942 0.164292  0.754863 -0.144339 0.234116
2 0.6876 -0.126942 0.164292  0.72292 -0.175081 0.184333
2 0.6876 -0.126942 0.164292  0.759289 -0.113474 0.209182
2 0.6876 -0.126942 0.164292  0.761524 -0.132264 0.211572
2 0.6876 -0.126942 0.164292  0.753814 -0.0953636 0.206975
2 0.6876 -0.126942 0.164292  0.707895 -0.164041 0.192151
2 0.6876 -0.126942 0.164292  0.752423 -0.161281 0.213834
2 0.6876 -0.126942 0.164292  0.742694 -0.171404 0.224005
2 0.6876 -0.126942 0.164292  0.732737 -0.17657 0.215923
2 0.6876 -0.126942 0.164292  0.700378 -0.133726 0.189751
2 -0.170561 -0.127394 0.698491  -0.174402 -0.128448 0.675135
2 -0.170561 -0.127394 0.698491  -0.205501 -0.126662 0.663172
2 -0.170561 -0.127394 0.698491  -0.187796 -0.14267 0.682975
2 -0.170561 -0.127394 0.698491  -0.205646 -0.140685 0.686707
2 -0.170561 -0.127394 0.698491  -0.202773 -0.117013 0.677917
2 -0.170561 -0.127394 0.698491  -0.210191 -0.125202 0.69265
2 -0.170561 -0.127394 0.698491  -0.209766 -0.133585 0.689694
2 -0.170561 -0.127394 0.698491  -0.185784 -0.111445 0.662378
2 -0.170561 -0.127394 0.698491  -0.178178 -0.11483 0.680011
2 0.25477 -0.127669 0.719685  0.281743 -0.139547 0.734182
2 0.25477 -0.127669 0.719685  0.268262 -0.123319 0.732159
2 0.25477 -0.127669 0.719685  0.274093 -0.113688 0.727535
2 0.25477 -0.127669 0.719685  0.296478 -0.120909 0.711021
2 0.25477 -0.127669 0.719685  0.296391 -0.134036 0.715703
2 0.25477 -0.127669 0.719685  0.293553 -0.127503 0.706125
2 -0.413768 -0.12686 0.00943171  -0.415279 -0.15173 -0.0361641
2 -0.413768 -0.12686 0.00943171  -0.421238 -0.166428 -0.0209038
2 -0.413768 -0.12686 0.00943171  -0.425485 -0.0845894 -0.00643306
2 -0.413768 -0.12686 0.00943171  -0.443257 -0.0793935 -0.00176591
2 -0.413768 -0.12686 0.00943171  -0.429752 -0.0938712 -0.0321383
2 -0.413768 -0.12686 0.00943171  -0.418214 -0.112323 -0.0406971
2 -0.413768 -0.12686 0.00943171  -0.413292 -0.132762 -0.042296
2 -0.413768 -0.12686 0.00943171  -0.469965 -0.0779727 0.0144318
2 -0.413768 -0.12686 0.00943171  -0.47283 -0.0814124 0.0303721
2 -0.413768 -0.12686 0.00943171  -0.504654 -0.13131 0.0484464
2 -0.358983 -0.138455 -0.689429  -0.33141 -0.151614 -0.692871
2 -0.358983 -0.138455 -0.689429  -0.33041 -0.135389 -0.702343
2 -0.358983 -0.138455 -0.689429  -0.308632 -0.149164 -0.687135
2 -0.358983 -0.138455 -0.689429  -0.31142 -0.143268 -0.675405
2 -0.358983 -0.138455 -0.689429  -0.310465 -0.13368 -0.682636
2 -0.438733 -0.13821 -0.696417  -0.433511 -0.15401 -0.638729
2 -0.438733 -0.13821 -0.696417  -0.428331 -0.158057 -0.661949
2 -0.438733 -0.13821 -0.696417  -0.420017 -0.142879 -0.668848
2 -0.438733 -0.13821 -0.696417  -0.426455 -0.116486 -0.661038
2 -0.438733 -0.13821 -0.696417  -0.430801 -0.128058 -0.635141
2 -0.451391 -0.138167 -0.703509  -0.454606 -0.126848 -0.679304
2 -0.451391 -0.138167 -0.703509  -0.466336 -0.127842 -0.641498
2 -0.451391 -0.138167 -0.703509  -0.446281 -0.155777 -0.673762
2 -0.451391 -0.138167 -0.703509  -0.456001 -0.16303 -0.659526
2 -0.451391 -0.138167 -0.703509  -0.450414 -0.141399 -0.634371
2 -0.451391 -0.138167 -0.703509  -0.43699 -0.131212 -0.6716
2 -0.451391 -0.138167 -0.703509  -0.44507 -0.12016 -0.670562
2 -0.451391 -0.138167 -0.703509  -0.447985 -0.117058 -0.651274
2 -0.451391 -0.138167 -0.703509  -0.478833 -0.119752 -0.654058
2 -0.0820042 -0.141081 -0.462224  -0.0851482 -0.0919872 -0.408404
2 -0.0820042 -0.141081 -0.462224  -0.0531116 -0.133999 -0.398562
2 -0.0820042 -0.141081 -0.462224  -0.0542719 -0.150557 -0.39227
2 -0.0820042 -0.141081 -0.462224  -0.0577144 -0.162692 -0.399976
2 -0.0820042 -0.141081 -0.462224  -0.0620782 -0.111533 -0.398611
2 -0.573987 -0.209348 -0.488884  -0.572253 -0.191754 -0.536782
2 -0.573987 -0.209348 -0.488884  -0.574568 -0.184221 -0.547386
2 -0.573987 -0.209348 -0.488884  -0.599403 -0.183464 -0.575323
2 -0.573987 -0.209348 -0.488884  -0.605097 -0.188754 -0.590207
2 -0.573987 -0.209348 -0.488884  -0.613868 -0.236442 -0.561274
2 -0.573987 -0.209348 -0.488884  -0.623633 -0.223759 -0.589945
2 -0.254117 -0.12642 -0.465623  -0.315187 -0.135078 -0.498641
2 -0.254117 -0.12642 -0.465623  -0.313399 -0.128772 -0.504446
2 -0.254117 -0.12642 -0.465623  -0.328662 -0.134151 -0.488793
2 -0.246348 -0.126554 -0.445191  -0.279315 -0.137777 -0.483254
2 -0.246348 -0.126554 -0.445191  -0.276039 -0.129057 -0.472918
2 -0.246348 -0.126554 -0.445191  -0.266273 -0.136889 -0.470262
2 -0.246348 -0.126554 -0.445191  -0.269502 -0.118839 -0.466565
2 -0.246348 -0.126554 -0.445191  -0.255235 -0.123882 -0.486786
2 -0.246348 -0.126554 -0.445191  -0.264151 -0.115186 -0.485735
2 0.16319 -0.0768905 0.297565  0.238135 -0.171303 0.258409
2 0.16319 -0.0768905 0.297565  0.258902 -0.166122 0.21104
2 -0.211728 -0.127849 0.727294  -0.194461 -0.110451 0.759405
2 -0.211728 -0.127849 0.727294  -0.201762 -0.106972 0.754738
2 -0.211728 -0.127849 0.727294  -0.222767 -0.111569 0.766154
2 -0.211728 -0.127849 0.727294  -0.22512 -0.120255 0.767532
2 -0.211728 -0.127849 0.727294  -0.215801 -0.106428 0.76878
2 -0.211728 -0.127849 0.727294  -0.209575 -0.146543 0.783105
2 -0.211728 -0.127849 0.727294  -0.199199 -0.116423 0.787467
2 -0.211728 -0.127849 0.727294  -0.201849 -0.140699 0.796874
2 -0.211728 -0.127849 0.727294  -0.197968 -0.129908 0.800399
2 0.676717 -0.139785 -0.735516  0.646285 -0.139169 -0.73803
2 0.676717 -0.139785 -0.735516  0.659441 -0.147445 -0.743437
2 0.676717 -0.139785 -0.735516  0.650881 -0.149512 -0.75316
2 0.676717 -0.139785 -0.735516  0.651002 -0.145266 -0.762622
2 0.676717 -0.139785 -0.735516  0.661744 -0.129663 -0.763055
2 0.676717 -0.139785 -0.735516  0.657022 -0.136588 -0.767366
2 0.676717 -0.139785 -0.735516  0.640747 -0.132862 -0.760482
2 0.676717 -0.139785 -0.735516  0.644531 -0.129703 -0.749635
2 -0.203633 -0.0859143 0.0987503  -0.387995 -0.0996732 0.140646
2 -0.203633 -0.0859143 0.0987503  -0.381657 -0.14094 0.135939
2 -0.203633 -0.0859143 0.0987503  -0.38446 -0.126766 0.140169
2 -0.203633 -0.0859143 0.0987503  -0.322665 -0.067919 0.0753652
2 -0.203633 -0.0859143 0.0987503  -0.330111 -0.0673544 0.102577
2 -0.203633 -0.0859143 0.0987503  -0.337272 -0.181521 0.111838
2 -0.203633 -0.0859143 0.0987503  -0.321424 -0.177861 0.138666
2 -0.203633 -0.0859143 0.0987503  -0.353093 -0.0805648 0.161963
2 0.258282 -0.12755 0.735264  0.308289 -0.117061 0.772305
2 0.258282 -0.12755 0.735264  0.295913 -0.121276 0.762739
2 0.258282 -0.12755 0.735264  0.294959 -0.130968 0.767753
2 0.258282 -0.12755 0.735264  0.311717 -0.13634 0.75152
2 0.258282 -0.12755 0.735264  0.317496 -0.127442 0.739216
2 0.258282 -0.12755 0.735264  0.311549 -0.118135 0.736881
2 0.258282 -0.12755 0.735264  0.295356 -0.113049 0.733889
2 0.672884 -0.139464 -0.634089  0.691135 -0.116542 -0.640376
2 0.672884 -0.139464 -0.634089  0.68636 -0.124695 -0.648624
2 0.672884 -0.139464 -0.634089  0.690007 -0.155078 -0.652692
2 0.672884 -0.139464 -0.634089  0.71898 -0.153236 -0.632469
2 0.672884 -0.139464 -0.634089  0.724694 -0.138836 -0.637165
2 0.672884 -0.139464 -0.634089  0.706607 -0.162921 -0.627953
2 0.672884 -0.139464 -0.634089  0.699432 -0.1633 -0.641853
2 0.448081 -0.139329 -0.750193  0.450916 -0.10294 -0.721481
2 0.448081 -0.139329 -0.750193  0.465629 -0.0938614 -0.70872
2 0.448081 -0.139329 -0.750193  0.474488 -0.0919786 -0.720403
2 0.448081 -0.139329 -0.750193  0.485698 -0.0975843 -0.728029
2 0.448081 -0.139329 -0.750193  0.496243 -0.113603 -0.729855
2 0.448081 -0.139329 -0.750193  0.500429 -0.145697 -0.740309
2 0.448081 -0.139329 -0.750193  0.495809 -0.13206 -0.754333
2 0.448081 -0.139329 -0.750193  0.481636 -0.104716 -0.76985
2 0.448081 -0.139329 -0.750193  0.424299 -0.177503 -0.776854
2 0.448081 -0.139329 -0.750193  0.422638 -0.102254 -0.781187
2 0.448081 -0.139329 -0.750193  0.415661 -0.126072 -0.773383
2 0.448081 -0.139329 -0.750193  0.471066 -0.107262 -0.80497
2 0.448081 -0.139329 -0.750193  0.461392 -0.0951922 -0.781634
2 0.448081 -0.139329 -0.750193  0.46332 -0.183175 -0.793145
2 0.448081 -0.139329 -0.750193  0.429781 -0.186322 -0.78951
2 0.448081 -0.139329 -0.750193  0.475776 -0.170833 -0.794023
2 0.448081 -0.139329 -0.750193  0.48259 -0.122789 -0.791049
2 0.448081 -0.139329 -0.750193  0.485244 -0.148599 -0.788122
2 -0.401116 -0.138323 -0.687913  -0.360483 -0.154216 -0.670588
2 -0.401116 -0.138323 -0.687913  -0.366327 -0.154694 -0.654823
2 -0.401116 -0.138323 -0.687913  -0.382667 -0.132955 -0.671663
2 -0.401116 -0.138323 -0.687913  -0.383621 -0.121402 -0.666813
2 -0.401116 -0.138323 -0.687913  -0.384322 -0.148259 -0.668994
2 -0.401116 -0.138323 -0.687913  -0.366754 -0.133376 -0.644034
2 -0.401116 -0.138323 -0.687913  -0.366575 -0.146118 -0.645606
2 -0.401116 -0.138323 -0.687913  -0.372468 -0.122709 -0.648795
2 -0.242819 -0.126763 -0.41695  -0.23594 -0.1332 -0.427102
2 -0.242819 -0.126763 -0.41695  -0.230119 -0.139833 -0.418963
2 -0.242819 -0.126763 -0.41695  -0.215401 -0.140296 -0.428291
2 -0.242819 -0.126763 -0.41695  -0.218549 -0.113273 -0.431096
2 -0.242819 -0.126763 -0.41695  -0.212292 -0.122633 -0.44039
2 -0.242819 -0.126763 -0.41695  -0.215828 -0.132441 -0.446333
2 -0.242819 -0.126763 -0.41695  -0.225909 -0.112041 -0.419644
2 -0.242819 -0.126763 -0.41695  -0.229904 -0.118474 -0.415922
2 -0.393361 -0.132376 0.562369  -0.456651 -0.163982 0.587941
2 -0.393361 -0.132376 0.562369  -0.398118 -0.155983 0.583505
2 -0.393361 -0.132376 0.562369  -0.392473 -0.140197 0.582394
2 -0.393361 -0.132376 0.562369  -0.391978 -0.124078 0.591072
2 -0.393361 -0.132376 0.562369  -0.395266 -0.105147 0.589958
2 -0.393361 -0.132376 0.562369  -0.406395 -0.0873261 0.589956
2 -0.393361 -0.132376 0.562369  -0.413589 -0.175276 0.609665
2 -0.393361 -0.132376 0.562369  -0.44618 -0.170593 0.624435
2 -0.393361 -0.132376 0.562369  -0.424909 -0.178371 0.602645
2 -0.393361 -0.132376 0.562369  -0.435751 -0.176468 0.609223
2 -0.393361 -0.132376 0.562369  -0.437111 -0.0791652 0.607171
2 -0.393361 -0.132376 0.562369  -0.460789 -0.10158 0.600978
2 -0.393361 -0.132376 0.562369  -0.468311 -0.130478 0.591195
2 -0.393361 -0.132376 0.562369  -0.467334 -0.116981 0.597768
2 -0.257732 -0.126379 -0.473077  -0.368218 -0.126279 -0.491334
2 -0.257732 -0.126379 -0.473077  -0.371678 -0.130722 -0.487334
2 -0.257732 -0.126379 -0.473077  -0.380323 -0.128304 -0.480642
2 -0.257732 -0.126379 -0.473077  -0.359389 -0.127559 -0.483389
2 -0.257732 -0.126379 -0.473077  -0.376195 -0.123844 -0.481967
2 -0.257732 -0.126379 -0.473077  -0.383351 -0.12598 -0.483163
2 -0.257732 -0.126379 -0.473077  -0.369184 -0.122407 -0.487987
2 -0.257732 -0.126379 -0.473077  -0.363436 -0.132401 -0.484915
2 -0.257732 -0.126379 -0.473077  -0.347532 -0.134656 -0.492898
2 -0.257732 -0.126379 -0.473077  -0.344824 -0.130708 -0.498554
2 -0.568285 -0.209308 -0.331754  -0.59261 -0.220803 -0.399592
2 -0.568285 -0.209308 -0.331754  -0.575618 -0.197315 -0.388517
2 -0.568285 -0.209308 -0.331754  -0.586103 -0.201927 -0.394434
2 -0.568285 -0.209308 -0.331754  -0.574377 -0.197156 -0.396051
2 -0.568285 -0.209308 -0.331754  -0.576658 -0.207963 -0.401878
2 -0.568285 -0.209308 -0.331754  -0.582948 -0.219097 -0.400681
2 0.265796 -0.127304 0.767681  0.330242 -0.134863 0.802049
2 0.265796 -0.127304 0.767681  0.335893 -0.130465 0.785171
2 0.265796 -0.127304 0.767681  0.322149 -0.120111 0.82904
2 0.265796 -0.127304 0.767681  0.312122 -0.124327 0.810112
2 0.265796 -0.127304 0.767681  0.314148 -0.131393 0.825246
2 0.265796 -0.127304 0.767681  0.335233 -0.121612 0.82164
2 0.265796 -0.127304 0.767681  0.341858 -0.126256 0.814932
2 0.265796 -0.127304 0.767681  0.337123 -0.130842 0.833741
2 -0.450489 -0.138712 -0.870375  -0.533131 -0.110594 -0.902743
2 -0.450489 -0.138712 -0.870375  -0.539516 -0.131019 -0.898496
2 -0.450489 -0.138712 -0.870375  -0.536588 -0.158307 -0.894957
2 -0.450489 -0.138712 -0.870375  -0.501045 -0.174255 -0.879176
2 -0.450489 -0.138712 -0.870375  -0.534704 -0.17523 -0.884511
2 -0.450489 -0.138712 -0.870375  -0.497196 -0.15738 -0.868055
2 -0.450489 -0.138712 -0.870375  -0.529953 -0.179205 -0.868818
2 -0.450489 -0.138712 -0.870375  -0.518836 -0.177999 -0.856853
2 -0.450489 -0.138712 -0.870375  -0.48854 -0.12413 -0.877308
2 -0.450489 -0.138712 -0.870375  -0.516191 -0.0939431 -0.87872
2 -0.450489 -0.138712 -0.870375  -0.503661 -0.0992052 -0.875613
2 -0.461367 -0.138533 -0.825555  -0.539773 -0.166533 -0.798826
2 -0.461367 -0.138533 -0.825555  -0.547466 -0.153412 -0.797196
2 -0.461367 -0.138533 -0.825555  -0.550609 -0.135447 -0.79563
2 -0.461367 -0.138533 -0.825555  -0.533454 -0.105538 -0.798559
2 -0.461367 -0.138533 -0.825555  -0.546524 -0.118849 -0.795364
2 -0.372119 -0.138415 -0.687357  -0.333218 -0.153779 -0.678243
2 -0.372119 -0.138415 -0.687357  -0.334109 -0.149161 -0.664107
2 -0.372119 -0.138415 -0.687357  -0.345059 -0.146029 -0.689002
2 -0.372119 -0.138415 -0.687357  -0.333908 -0.138879 -0.659394
2 -0.372119 -0.138415 -0.687357  -0.340186 -0.128674 -0.659668
2 -0.372119 -0.138415 -0.687357  -0.342127 -0.123333 -0.674957
2 -0.372119 -0.138415 -0.687357  -0.348778 -0.127591 -0.683919
2 -0.372119 -0.138415 -0.687357  -0.355872 -0.137401 -0.682794
2 -0.420938 -0.138908 -0.905643  -0.509675 -0.129634 -0.942336
2 -0.420938 -0.138908 -0.905643  -0.503661 -0.153232 -0.946315
2 -0.420938 -0.138908 -0.905643  -0.487875 -0.189166 -0.925986
2 -0.420938 -0.138908 -0.905643  -0.482018 -0.180031 -0.905288
2 -0.420938 -0.138908 -0.905643  -0.487175 -0.0924454 -0.910095
2 -0.420938 -0.138908 -0.905643  -0.472945 -0.152006 -0.899002
2 -0.420938 -0.138908 -0.905643  -0.475585 -0.105968 -0.903803
2 -0.420938 -0.138908 -0.905643  -0.470013 -0.130375 -0.899913
2 -0.420938 -0.138908 -0.905643  -0.515449 -0.167337 -0.928459
2 -0.250056 -0.126483 -0.455685  -0.294438 -0.115001 -0.487536
2 -0.250056 -0.126483 -0.455685  -0.296437 -0.132402 -0.48305
2 -0.250056 -0.126483 -0.455685  -0.303463 -0.122565 -0.482421
2 -0.250056 -0.126483 -0.455685  -0.30377 -0.116177 -0.484152
2 -0.250056 -0.126483 -0.455685  -0.280729 -0.131573 -0.496665
2 -0.250056 -0.126483 -0.455685  -0.290502 -0.121474 -0.499655
2 0.251826 -0.127808 0.704302  0.267894 -0.141211 0.697871
2 0.251826 -0.127808 0.704302  0.269394 -0.13276 0.684641
2 0.251826 -0.127808 0.704302  0.268144 -0.121671 0.681229
2 0.251826 -0.127808 0.704302  0.272359 -0.112555 0.695634
2 0.251826 -0.127808 0.704302  0.26167 -0.108427 0.700696
2 0.251826 -0.127808 0.704302  0.250978 -0.135113 0.71421
2 0.454713 -0.128132 0.202542  0.545547 -0.129124 0.188738
2 0.454713 -0.128132 0.202542  0.542011 -0.124681 0.184519
2 0.454713 -0.128132 0.202542  0.578744 -0.12619 0.242011
2 0.454713 -0.128132 0.202542  0.568423 -0.125823 0.21198
2 0.454713 -0.128132 0.202542  0.568012 -0.126407 0.204989
2 0.454713 -0.128132 0.202542  0.576408 -0.125167 0.220628
2 0.454713 -0.128132 0.202542  0.565248 -0.124185 0.197269
2 0.454713 -0.128132 0.202542  0.579123 -0.127218 0.252263
2 0.454713 -0.128132 0.202542  0.5796 -0.12734 0.254063
2 0.454713 -0.128132 0.202542  0.568228 -0.128195 0.214075
2 0.454713 -0.128132 0.202542  0.57633 -0.127091 0.235257
2 0.454713 -0.128132 0.202542  0.580056 -0.126861 0.256247
2 0.454713 -0.128132 0.202542  0.575546 -0.127817 0.232619
2 0.454713 -0.128132 0.202542  0.579093 -0.126548 0.240656
2 0.454713 -0.128132 0.202542  0.558864 -0.129501 0.197094
2 0.262002 -0.127415 0.752031  0.313971 -0.136068 0.78888
2 0.262002 -0.127415 0.752031  0.334431 -0.123037 0.776611
2 0.262002 -0.127415 0.752031  0.323275 -0.117524 0.776184
2 0.683754 -0.139666 -0.676326  0.723053 -0.152813 -0.705275
2 0.683754 -0.139666 -0.676326  0.730695 -0.141486 -0.691283
2 0.683754 -0.139666 -0.676326  0.725687 -0.130637 -0.711819
2 0.683754 -0.139666 -0.676326  0.70948 -0.158171 -0.684987
2 0.683754 -0.139666 -0.676326  0.696559 -0.148033 -0.692713
2 0.683754 -0.139666 -0.676326  0.695736 -0.134622 -0.693997
2 0.683754 -0.139666 -0.676326  0.700313 -0.123719 -0.682051
2 0.683754 -0.139666 -0.676326  0.726569 -0.126857 -0.682502
2 0.683754 -0.139666 -0.676326  0.715954 -0.122767 -0.702981
2 -0.0948346 -0.127389 0.633317  -0.0600528 -0.130566 0.59893
2 -0.0948346 -0.127389 0.633317  -0.063714 -0.125089 0.599007
2 0.0899769 -0.140344 -0.506215  0.0571852 -0.183852 -0.512308
2 0.0899769 -0.140344 -0.506215  0.0904059 -0.115103 -0.485748
2 0.0899769 -0.140344 -0.506215  0.0963227 -0.132523 -0.483114
2 0.0899769 -0.140344 -0.506215  0.0982188 -0.146468 -0.487057
2 0.0899769 -0.140344 -0.506215  0.0811011 -0.176242 -0.493245
2 0.0899769 -0.140344 -0.506215  0.0863977 -0.169735 -0.481163
2 0.0899769 -0.140344 -0.506215  0.0765504 -0.182218 -0.527354
2 0.0899769 -0.140344 -0.506215  0.0155999 -0.131912 -0.473995
2 0.0899769 -0.140344 -0.506215  0.0122619 -0.143528 -0.466016
2 0.0899769 -0.140344 -0.506215  0.0510771 -0.094144 -0.480589
2 0.0899769 -0.140344 -0.506215  0.0287135 -0.105378 -0.481218
2 -0.243601 -0.126639 -0.433813  -0.235723 -0.116949 -0.466528
2 -0.243601 -0.126639 -0.433813  -0.229348 -0.126329 -0.466707
2 -0.243601 -0.126639 -0.433813  -0.248606 -0.111977 -0.460203
2 -0.243601 -0.126639 -0.433813  -0.249778 -0.133124 -0.450079
2 -0.243601 -0.126639 -0.433813  -0.242264 -0.135231 -0.469713
2 -0.243601 -0.126639 -0.433813  -0.240296 -0.14117 -0.448503
2 0.249569 -0.128076 0.680323  0.244246 -0.13981 0.663814
2 0.249569 -0.128076 0.680323  0.214993 -0.140475 0.677756
2 0.249569 -0.128076 0.680323  0.209061 -0.111095 0.668665
2 0.249569 -0.128076 0.680323  0.210724 -0.121528 0.678148
2 0.249569 -0.128076 0.680323  0.23093 -0.104753 0.663404
2 0.249569 -0.128076 0.680323  0.232915 -0.14611 0.679925
2 0.249569 -0.128076 0.680323  0.219231 -0.131669 0.687782
2 0.249569 -0.128076 0.680323  0.233215 -0.107353 0.683045
2 0.249569 -0.128076 0.680323  0.237864 -0.125223 0.705095
2 0.249569 -0.128076 0.680323  0.238726 -0.115609 0.700804
2 -0.663741 -0.210627 -0.473203  -0.726595 -0.218415 -0.477083
2 -0.663741 -0.210627 -0.473203  -0.769378 -0.227355 -0.497028
2 -0.663741 -0.210627 -0.473203  -0.740023 -0.20682 -0.456523
2 -0.663741 -0.210627 -0.473203  -0.787988 -0.230375 -0.464977
2 -0.663741 -0.210627 -0.473203  -0.792601 -0.218903 -0.46715
2 -0.663741 -0.210627 -0.473203  -0.772987 -0.234941 -0.465658
2 -0.663741 -0.210627 -0.473203  -0.782539 -0.189806 -0.478636
2 -0.663741 -0.210627 -0.473203  -0.789558 -0.202323 -0.478184
2 -0.663741 -0.210627 -0.473203  -0.741275 -0.227686 -0.465631
2 -0.663741 -0.210627 -0.473203  -0.743723 -0.234727 -0.474425
2 -0.663741 -0.210627 -0.473203  -0.734525 -0.18411 -0.487139
2 -0.663741 -0.210627 -0.473203  -0.757588 -0.183144 -0.487636
2 -0.663741 -0.210627 -0.473203  -0.774593 -0.196056 -0.502538
2 -0.663741 -0.210627 -0.473203  -0.736217 -0.196802 -0.466688
2 -0.663741 -0.210627 -0.473203  -0.748789 -0.187978 -0.457208
2 0.485811 -0.139274 -0.736111  0.466947 -0.138289 -0.640801
2 0.485811 -0.139274 -0.736111  0.471011 -0.118841 -0.645184
2 0.485811 -0.139274 -0.736111  0.490857 -0.0955571 -0.658482
2 0.485811 -0.139274 -0.736111  0.510641 -0.116943 -0.673606
2 0.485811 -0.139274 -0.736111  0.491742 -0.0944417 -0.684808
2 0.485811 -0.139274 -0.736111  0.501211 -0.102271 -0.68162
2 -0.129257 -0.140298 -0.708302  -0.0567797 -0.0904729 -0.766926
2 -0.129257 -0.140298 -0.708302  -0.0532429 -0.186336 -0.770777
2 -0.129257 -0.140298 -0.708302  -0.0724295 -0.196291 -0.770792
2 -0.129257 -0.140298 -0.708302  -0.0893868 -0.188947 -0.746803
2 0.632998 -0.126976 0.281556  0.622315 -0.113963 0.410355
2 0.632998 -0.126976 0.281556  0.622136 -0.100237 0.404746
2 0.632998 -0.126976 0.281556  0.62132 -0.141502 0.411281
2 0.632998 -0.126976 0.281556  0.614617 -0.155645 0.403757
2 0.632998 -0.126976 0.281556  0.612948 -0.164157 0.3469
2 0.632998 -0.126976 0.281556  0.595294 -0.13859 0.333946
2 0.632998 -0.126976 0.281556  0.645937 -0.145799 0.39907
2 0.632998 -0.126976 0.281556  0.64681 -0.0917939 0.389459
2 0.632998 -0.126976 0.281556  0.646155 -0.10704 0.397825
2 0.632998 -0.126976 0.281556  0.581325 -0.151626 0.349295
2 0.632998 -0.126976 0.281556  0.636077 -0.126861 0.406442
2 0.632998 -0.126976 0.281556  0.623027 -0.0890481 0.393064
2 0.632998 -0.126976 0.281556  0.620056 -0.0845029 0.376605
2 0.632998 -0.126976 0.281556  0.602274 -0.0884261 0.36414
2 0.632998 -0.126976 0.281556  0.582312 -0.122801 0.337408
2 0.632998 -0.126976 0.281556  0.608214 -0.168232 0.367212
2 0.632998 -0.126976 0.281556  0.622744 -0.168463 0.381184
2 -0.69225 -0.209494 -0.336669  -0.732513 -0.20031 -0.28973
2 -0.69225 -0.209494 -0.336669  -0.726612 -0.186609 -0.275704
2 -0.69225 -0.209494 -0.336669  -0.734207 -0.224112 -0.28793
2 -0.69225 -0.209494 -0.336669  -0.711646 -0.210215 -0.275352
2 -0.69225 -0.209494 -0.336669  -0.709466 -0.224918 -0.271305
2 -0.69225 -0.209494 -0.336669  -0.765964 -0.214107 -0.255641
2 -0.69225 -0.209494 -0.336669  -0.754135 -0.225903 -0.253435
2 -0.69225 -0.209494 -0.336669  -0.740841 -0.237365 -0.269918
2 0.453226 -0.128082 0.210652  0.509984 -0.128636 0.178817
2 0.453226 -0.128082 0.210652  0.517963 -0.126396 0.16638
2 0.453226 -0.128082 0.210652  0.522499 -0.132186 0.176365
2 0.453226 -0.128082 0.210652  0.530775 -0.132299 0.17634
2 0.453226 -0.128082 0.210652  0.501821 -0.134008 0.17554
2 0.453226 -0.128082 0.210652  0.541263 -0.1289 0.176787
2 0.453226 -0.128082 0.210652  0.54363 -0.124418 0.178755
2 0.453226 -0.128082 0.210652  0.50333 -0.132169 0.169213
2 0.123228 -0.140386 -0.572911  0.0804817 -0.101057 -0.654149
2 0.123228 -0.140386 -0.572911  0.0935886 -0.093466 -0.643082
2 0.123228 -0.140386 -0.572911  0.1267 -0.139448 -0.581616
2 0.123228 -0.140386 -0.572911  0.126458 -0.123507 -0.592024
2 0.123228 -0.140386 -0.572911  0.113733 -0.101667 -0.602534
2 0.123228 -0.140386 -0.572911  0.115031 -0.110171 -0.580213
2 0.123228 -0.140386 -0.572911  0.135184 -0.165391 -0.627066
2 0.123228 -0.140386 -0.572911  0.141642 -0.13632 -0.625693
2 0.123228 -0.140386 -0.572911  0.132404 -0.111446 -0.627243
2 0.123228 -0.140386 -0.572911  0.0694787 -0.153553 -0.66465
2 0.123228 -0.140386 -0.572911  0.071704 -0.133694 -0.670091
2 0.123228 -0.140386 -0.572911  0.0861354 -0.115115 -0.693709
2 0.123228 -0.140386 -0.572911  0.0949457 -0.150773 -0.718361
2 0.123228 -0.140386 -0.572911  0.143072 -0.149801 -0.629736
2 0.123228 -0.140386 -0.572911  0.125974 -0.178013 -0.639648
2 0.123228 -0.140386 -0.572911  0.0961987 -0.183212 -0.673751
2 0.123228 -0.140386 -0.572911  0.10329 -0.186298 -0.656249
2 0.123228 -0.140386 -0.572911  0.113741 -0.18458 -0.646244
2 0.123228 -0.140386 -0.572911  0.0890322 -0.166201 -0.698447
2 0.123228 -0.140386 -0.572911  0.114474 -0.0947425 -0.642126
2 0.123228 -0.140386 -0.572911  0.132226 -0.102178 -0.649377
2 0.123228 -0.140386 -0.572911  0.147501 -0.124972 -0.647816
2 -0.318345 -0.138563 -0.702369  -0.295079 -0.137353 -0.755099
2 -0.318345 -0.138563 -0.702369  -0.303501 -0.13197 -0.762179
2 -0.448397 -0.130358 -0.0246923  -0.463707 -0.176047 -0.0125059
2 -0.448397 -0.130358 -0.0246923  -0.457456 -0.171663 -0.0369426
2 -0.448397 -0.130358 -0.0246923  -0.509095 -0.157548 0.0273347
2 -0.448397 -0.130358 -0.0246923  -0.517945 -0.143778 0.0325326
2 -0.448397 -0.130358 -0.0246923  -0.522684 -0.112941 0.0228214
2 -0.448397 -0.130358 -0.0246923  -0.438145 -0.141859 -0.060821
2 -0.448397 -0.130358 -0.0246923  -0.490239 -0.0766152 -0.0362823
2 -0.448397 -0.130358 -0.0246923  -0.458538 -0.0835725 -0.0416246
2 0.660835 -0.13948 -0.620704  0.706817 -0.143216 -0.60099
2 0.660835 -0.13948 -0.620704  0.71472 -0.129677 -0.614866
2 0.660835 -0.13948 -0.620704  0.704077 -0.119684 -0.609899
2 0.660835 -0.13948 -0.620704  0.697635 -0.114732 -0.623844
2 0.660835 -0.13948 -0.620704  0.670358 -0.121751 -0.622704
2 0.660835 -0.13948 -0.620704  0.673034 -0.162146 -0.619298
2 0.660835 -0.13948 -0.620704  0.663932 -0.152969 -0.618891
2 0.660835 -0.13948 -0.620704  0.67443 -0.132704 -0.635721
2 0.660835 -0.13948 -0.620704  0.6743 -0.146 -0.635236
2 0.660835 -0.13948 -0.620704  0.676135 -0.155794 -0.631169
2 -0.0961441 -0.140766 -0.587776  -0.100335 -0.158248 -0.605608
2 -0.0961441 -0.140766 -0.587776  -0.0756378 -0.0915854 -0.612206
2 -0.0961441 -0.140766 -0.587776  -0.0117006 -0.129526 -0.600604
2 -0.0961441 -0.140766 -0.587776  -0.0126371 -0.161963 -0.60236
2 -0.0961441 -0.140766 -0.587776  -0.0194552 -0.174483 -0.599684
2 -0.0961441 -0.140766 -0.587776  -0.0945679 -0.148356 -0.638885
2 -0.0961441 -0.140766 -0.587776  -0.078696 -0.0980485 -0.644983
2 -0.0961441 -0.140766 -0.587776  -0.010059 -0.148961 -0.633736
2 -0.0961441 -0.140766 -0.587776  -0.0412454 -0.0874341 -0.62153
2 -0.0961441 -0.140766 -0.587776  -0.0568293 -0.0856662 -0.628015
2 -0.0961441 -0.140766 -0.587776  -0.01498 -0.111225 -0.620881
2 -0.0961441 -0.140766 -0.587776  -0.0945493 -0.127519 -0.636087
2 -0.0961441 -0.140766 -0.587776  -0.089251 -0.110564 -0.633203
2 0.494209 -0.139267 -0.731596  0.48613 -0.104554 -0.633818
2 0.494209 -0.139267 -0.731596  0.521552 -0.158928 -0.650524
2 0.494209 -0.139267 -0.731596  0.518587 -0.136479 -0.661235
2 0.494209 -0.139267 -0.731596  0.505165 -0.182033 -0.645861
2 0.494209 -0.139267 -0.731596  0.52433 -0.121486 -0.635125
2 0.494209 -0.139267 -0.731596  0.50859 -0.0988293 -0.645541
2 0.494209 -0.139267 -0.731596  0.513798 -0.107236 -0.646509
2 -0.406061 -0.200098 -0.35931  -0.397828 -0.215104 -0.513107
2 -0.406061 -0.200098 -0.35931  -0.389953 -0.204835 -0.506421
2 -0.406061 -0.200098 -0.35931  -0.443493 -0.196228 -0.4766
2 -0.406061 -0.200098 -0.35931  -0.438061 -0.22045 -0.468517
2 -0.406061 -0.200098 -0.35931  -0.437854 -0.208443 -0.463974
2 -0.406061 -0.200098 -0.35931  -0.434047 -0.231017 -0.478843
2 -0.406061 -0.200098 -0.35931  -0.406518 -0.182174 -0.487566
2 -0.406061 -0.200098 -0.35931  -0.386683 -0.186408 -0.48353
2 -0.406061 -0.200098 -0.35931  -0.387136 -0.194608 -0.497996
2 -0.406061 -0.200098 -0.35931  -0.363867 -0.212307 -0.480162
2 -0.406061 -0.200098 -0.35931  -0.360777 -0.201795 -0.476946
2 -0.406061 -0.200098 -0.35931  -0.400387 -0.183417 -0.457282
2 -0.406061 -0.200098 -0.35931  -0.391081 -0.233604 -0.481153
2 -0.406061 -0.200098 -0.35931  -0.386419 -0.224692 -0.49436
2 0.256399 -0.139945 -0.712618  0.28822 -0.102388 -0.80355
2 0.256399 -0.139945 -0.712618  0.299927 -0.182211 -0.813174
2 0.256399 -0.139945 -0.712618  0.293916 -0.171036 -0.799856
2 0.256399 -0.139945 -0.712618  0.287541 -0.14992 -0.787263
2 0.256399 -0.139945 -0.712618  0.294427 -0.133011 -0.788215
2 0.256399 -0.139945 -0.712618  0.297871 -0.181617 -0.843855
2 -0.348358 -0.139214 -0.931906  -0.396699 -0.116642 -0.993989
2 -0.348358 -0.139214 -0.931906  -0.402473 -0.0980727 -0.98539
2 -0.348358 -0.139214 -0.931906  -0.4016 -0.142831 -0.995248
2 -0.348358 -0.139214 -0.931906  -0.402285 -0.167065 -0.990878
2 -0.348358 -0.139214 -0.931906  -0.401044 -0.184949 -0.981156
2 -0.348358 -0.139214 -0.931906  -0.391637 -0.193746 -0.968407
2 -0.348358 -0.139214 -0.931906  -0.412563 -0.0858798 -0.9478
2 -0.69556 -0.209586 -0.353262  -0.74635 -0.190272 -0.297947
2 -0.69556 -0.209586 -0.353262  -0.746656 -0.234141 -0.290655
2 -0.69556 -0.209586 -0.353262  -0.737938 -0.215792 -0.295471
2 -0.69556 -0.209586 -0.353262  -0.785169 -0.221274 -0.277451
2 -0.69556 -0.209586 -0.353262  -0.778574 -0.191822 -0.275694
2 -0.69556 -0.209586 -0.353262  -0.76821 -0.183119 -0.284896
2 -0.69556 -0.209586 -0.353262  -0.78542 -0.206066 -0.274812
2 -0.69556 -0.209586 -0.353262  -0.77152 -0.23291 -0.276718
2 -0.575255 -0.209316 -0.323243  -0.571714 -0.207973 -0.383086
2 -0.575255 -0.209316 -0.323243  -0.573042 -0.218105 -0.384909
2 0.409006 -0.128732 -0.0899691  0.330599 -0.145697 -0.170448
2 0.409006 -0.128732 -0.0899691  0.3432 -0.127888 -0.174705
2 0.409006 -0.128732 -0.0899691  0.331247 -0.110335 -0.170779
2 0.409006 -0.128732 -0.0899691  0.326058 -0.0795411 -0.141197
2 0.409006 -0.128732 -0.0899691  0.345953 -0.0870244 -0.0982002
2 0.409006 -0.128732 -0.0899691  0.367048 -0.157235 -0.0937616
2 0.409006 -0.128732 -0.0899691  0.372457 -0.171835 -0.1138
2 -0.290543 -0.130923 0.715623  -0.306631 -0.129061 0.789809
2 -0.290543 -0.130923 0.715623  -0.312029 -0.14962 0.824441
2 -0.290543 -0.130923 0.715623  -0.315842 -0.0876336 0.805782
2 -0.469504 -0.130783 -0.12405  -0.50166 -0.102568 -0.155888
2 -0.469504 -0.130783 -0.12405  -0.592417 -0.105557 -0.145842
2 -0.469504 -0.130783 -0.12405  -0.580819 -0.165369 -0.137063
2 -0.469504 -0.130783 -0.12405  -0.52025 -0.175373 -0.14957
2 -0.469504 -0.130783 -0.12405  -0.594831 -0.126919 -0.152683
2 -0.469504 -0.130783 -0.12405  -0.590584 -0.148768 -0.153072
2 -0.469504 -0.130783 -0.12405  -0.562949 -0.175212 -0.164348
2 -0.469504 -0.130783 -0.12405  -0.499238 -0.148209 -0.158008
2 -0.469504 -0.130783 -0.12405  -0.497101 -0.125615 -0.16101
2 -0.469504 -0.130783 -0.12405  -0.518678 -0.0817339 -0.175854
2 -0.469504 -0.130783 -0.12405  -0.507047 -0.0965319 -0.172852
2 -0.469504 -0.130783 -0.12405  -0.577894 -0.0897959 -0.175262
2 -0.469504 -0.130783 -0.12405  -0.561687 -0.0769702 -0.17221
2 -0.259389 -0.16387 -0.208037  -0.204228 -0.226085 -0.204745
2 -0.259389 -0.16387 -0.208037  -0.215877 -0.23044 -0.203452
2 -0.259389 -0.16387 -0.208037  -0.289165 -0.211251 -0.186636
2 0.476261 -0.128743 -0.0814392  0.479164 -0.159355 -0.178068
2 0.476261 -0.128743 -0.0814392  0.415275 -0.0902321 -0.110029
2 0.476261 -0.128743 -0.0814392  0.434389 -0.106009 -0.102492
2 0.476261 -0.128743 -0.0814392  0.452489 -0.16053 -0.109626
2 0.476261 -0.128743 -0.0814392  0.444104 -0.143898 -0.100612
2 0.476261 -0.128743 -0.0814392  0.416558 -0.0745992 -0.140434
2 0.476261 -0.128743 -0.0814392  0.442837 -0.0989136 -0.177213
2 0.476261 -0.128743 -0.0814392  0.432717 -0.0833495 -0.16751
2 0.476261 -0.128743 -0.0814392  0.449176 -0.176589 -0.138511
2 0.476261 -0.128743 -0.0814392  0.433299 -0.176363 -0.15365
2 0.476261 -0.128743 -0.0814392  0.440511 -0.121689 -0.182312
2 0.476261 -0.128743 -0.0814392  0.433513 -0.146159 -0.181711
2 0.476261 -0.128743 -0.0814392  0.466624 -0.171385 -0.169323
2 0.476261 -0.128743 -0.0814392  0.441379 -0.162785 -0.177286
2 0.476261 -0.128743 -0.0814392  0.411831 -0.168822 -0.169189
2 0.476261 -0.128743 -0.0814392  0.404013 -0.158386 -0.177098
2 -0.382247 -0.128857 0.503728  -0.393432 -0.169879 0.467582
2 -0.382247 -0.128857 0.503728  -0.407834 -0.174856 0.47364
2 -0.382247 -0.128857 0.503728  -0.383437 -0.148395 0.494105
2 -0.382247 -0.128857 0.503728  -0.424975 -0.0773435 0.48636
2 -0.382247 -0.128857 0.503728  -0.437429 -0.0786098 0.504342
2 -0.39388 -0.133611 0.597823  -0.397091 -0.176228 0.701308
2 -0.39388 -0.133611 0.597823  -0.437052 -0.0870638 0.693243
2 -0.39388 -0.133611 0.597823  -0.455075 -0.126557 0.684489
2 -0.39388 -0.133611 0.597823  -0.44829 -0.105996 0.689615
2 -0.39388 -0.133611 0.597823  -0.440862 -0.156398 0.700257
2 -0.39388 -0.133611 0.597823  -0.446676 -0.138612 0.705528
2 -0.4277 -0.129093 -0.233138  -0.404882 -0.0830499 -0.236752
2 -0.4277 -0.129093 -0.233138  -0.409045 -0.0944802 -0.228787
2 -0.4277 -0.129093 -0.233138  -0.421204 -0.0782995 -0.242818
2 -0.4277 -0.129093 -0.233138  -0.436762 -0.0785518 -0.253087
2 -0.4277 -0.129093 -0.233138  -0.435142 -0.0864713 -0.264291
2 -0.4277 -0.129093 -0.233138  -0.437284 -0.0998244 -0.270499
2 -0.4277 -0.129093 -0.233138  -0.413659 -0.117975 -0.222385
2 -0.4277 -0.129093 -0.233138  -0.441059 -0.139993 -0.218946
2 -0.4277 -0.129093 -0.233138  -0.444359 -0.158599 -0.222294
2 -0.4277 -0.129093 -0.233138  -0.459149 -0.176953 -0.23475
2 -0.4277 -0.129093 -0.233138  -0.446216 -0.171357 -0.229309
2 -0.4277 -0.129093 -0.233138  -0.420972 -0.173861 -0.238044
2 -0.4277 -0.129093 -0.233138  -0.475884 -0.0765565 -0.234041
2 -0.4277 -0.129093 -0.233138  -0.448479 -0.0852315 -0.228245
2 -0.4277 -0.129093 -0.233138  -0.449636 -0.103052 -0.219803
2 -0.4277 -0.129093 -0.233138  -0.469906 -0.155584 -0.269532
2 -0.4277 -0.129093 -0.233138  -0.484448 -0.118591 -0.269964
2 0.685561 -0.126972 0.150274  0.762677 -0.146568 0.190498
2 0.685561 -0.126972 0.150274  0.707364 -0.100031 0.180793
2 0.685561 -0.126972 0.150274  0.723715 -0.0785438 0.180971
2 0.685561 -0.126972 0.150274  0.748907 -0.0841622 0.179716
2 -0.432266 -0.138838 -0.893658  -0.505014 -0.184947 -0.895192
2 -0.432266 -0.138838 -0.893658  -0.484506 -0.163897 -0.89168
2 -0.432266 -0.138838 -0.893658  -0.518925 -0.179144 -0.912378
2 -0.432266 -0.138838 -0.893658  -0.526943 -0.123182 -0.922182
2 -0.432266 -0.138838 -0.893658  -0.525035 -0.144109 -0.923829
2 -0.432266 -0.138838 -0.893658  -0.512937 -0.109134 -0.931231
2 0.129752 -0.140377 -0.583558  0.108229 -0.177222 -0.718373
2 0.129752 -0.140377 -0.583558  0.158038 -0.139953 -0.665278
2 0.129752 -0.140377 -0.583558  0.143356 -0.0994139 -0.68115
2 0.129752 -0.140377 -0.583558  0.153612 -0.111561 -0.67638
2 0.129752 -0.140377 -0.583558  0.118832 -0.0915373 -0.686789
2 0.129752 -0.140377 -0.583558  0.101794 -0.131832 -0.730149
2 0.129752 -0.140377 -0.583558  0.1151 -0.0941573 -0.706297
2 0.129752 -0.140377 -0.583558  0.104217 -0.103032 -0.713935
2 0.631769 -0.211711 -0.309552  0.720003 -0.186192 -0.243632
2 0.631769 -0.211711 -0.309552  0.737949 -0.211638 -0.221457
2 0.631769 -0.211711 -0.309552  0.741256 -0.231178 -0.245193
2 0.631769 -0.211711 -0.309552  0.727887 -0.233767 -0.26171
2 0.631769 -0.211711 -0.309552  0.712925 -0.216738 -0.27177
2 0.631769 -0.211711 -0.309552  0.723029 -0.18795 -0.264649
2 0.306911 -0.200855 -0.276453  0.281336 -0.221036 -0.290666
2 0.306911 -0.200855 -0.276453  0.245785 -0.185457 -0.339595
2 0.306911 -0.200855 -0.276453  0.262358 -0.190263 -0.289368
2 -0.683434 -0.20938 -0.311587  -0.684496 -0.213549 -0.264499
2 -0.683434 -0.20938 -0.311587  -0.689798 -0.183686 -0.255601
2 -0.683434 -0.20938 -0.311587  -0.671203 -0.187943 -0.256954
2 -0.683434 -0.20938 -0.311587  -0.678239 -0.199459 -0.262443
2 -0.683434 -0.20938 -0.311587  -0.71231 -0.188371 -0.237977
2 -0.683434 -0.20938 -0.311587  -0.708613 -0.201148 -0.230483
2 -0.683434 -0.20938 -0.311587  -0.708231 -0.228456 -0.238165
2 -0.683434 -0.20938 -0.311587  -0.731467 -0.215295 -0.238437
2 -0.111934 -0.129772 -0.143981  -0.220309 -0.15139 -0.184097
2 -0.111934 -0.129772 -0.143981  -0.190745 -0.132335 -0.178411
2 -0.111934 -0.129772 -0.143981  -0.177464 -0.151311 -0.184803
2 -0.111934 -0.129772 -0.143981  -0.14536 -0.216341 -0.161056
2 -0.111934 -0.129772 -0.143981  -0.153156 -0.201359 -0.177232
2 -0.111934 -0.129772 -0.143981  -0.169818 -0.176874 -0.18366
2 -0.415695 -0.128859 -0.245916  -0.386633 -0.160136 -0.269418
2 -0.415695 -0.128859 -0.245916  -0.385346 -0.143475 -0.273909
2 -0.415695 -0.128859 -0.245916  -0.4075 -0.130058 -0.275114
2 -0.415695 -0.128859 -0.245916  -0.423984 -0.117338 -0.27398
2 -0.415695 -0.128859 -0.245916  -0.424977 -0.154913 -0.271401
2 -0.415695 -0.128859 -0.245916  -0.432532 -0.167835 -0.263025
2 -0.415695 -0.128859 -0.245916  -0.445123 -0.137589 -0.273825
2 -0.415695 -0.128859 -0.245916  -0.410027 -0.174492 -0.249722
2 -0.415695 -0.128859 -0.245916  -0.384747 -0.0793321 -0.250533
2 -0.415695 -0.128859 -0.245916  -0.380462 -0.0806757 -0.243438
2 -0.415695 -0.128859 -0.245916  -0.383584 -0.104022 -0.272318
2 -0.415695 -0.128859 -0.245916  -0.39133 -0.0914796 -0.268204
2 -0.415695 -0.128859 -0.245916  -0.398053 -0.143358 -0.224494
2 -0.415695 -0.128859 -0.245916  -0.40406 -0.164389 -0.231292
2 0.253899 -0.123921 0.460737  0.29289 -0.174934 0.40179
2 0.253899 -0.123921 0.460737  0.27482 -0.0890913 0.411978
2 0.253899 -0.123921 0.460737  0.268871 -0.145426 0.409693
2 0.253899 -0.123921 0.460737  0.26223 -0.121751 0.41724
2 -0.134813 -0.127379 0.664938  -0.149567 -0.131339 0.580825
2 -0.134813 -0.127379 0.664938  -0.155345 -0.120729 0.582946
2 -0.134813 -0.127379 0.664938  -0.128383 -0.138465 0.599592
2 -0.134813 -0.127379 0.664938  -0.134711 -0.126776 0.614643
2 -0.356584 -0.128034 -0.299229  -0.242136 -0.149626 -0.293655
2 -0.356584 -0.128034 -0.299229  -0.249701 -0.1335 -0.298155
2 -0.356584 -0.128034 -0.299229  -0.249472 -0.111809 -0.293025
2 -0.356584 -0.128034 -0.299229  -0.2418 -0.106598 -0.256435
2 -0.356584 -0.128034 -0.299229  -0.238543 -0.118752 -0.249684
2 -0.356584 -0.128034 -0.299229  -0.241127 -0.145135 -0.254789
2 -0.356584 -0.128034 -0.299229  -0.250791 -0.157043 -0.280038
2 -0.27902 -0.171131 -0.229017  -0.261942 -0.181416 -0.230312
2 -0.27902 -0.171131 -0.229017  -0.238108 -0.233117 -0.227633
2 -0.27902 -0.171131 -0.229017  -0.212624 -0.202783 -0.242466
2 -0.686317 -0.209412 -0.319035  -0.70182 -0.192851 -0.267253
2 -0.686317 -0.209412 -0.319035  -0.733023 -0.192845 -0.239347
2 -0.686317 -0.209412 -0.319035  -0.726465 -0.182681 -0.260399
2 -0.686317 -0.209412 -0.319035  -0.703441 -0.234224 -0.262628
2 -0.686317 -0.209412 -0.319035  -0.753377 -0.200368 -0.249315
2 -0.686317 -0.209412 -0.319035  -0.748267 -0.187685 -0.254427
2 -0.686317 -0.209412 -0.319035  -0.735531 -0.23444 -0.253812
2 0.0854288 -0.140317 -0.495043  0.0901238 -0.159468 -0.470522
2 0.0854288 -0.140317 -0.495043  0.0705633 -0.100394 -0.452792
2 0.0854288 -0.140317 -0.495043  0.0558135 -0.093959 -0.442736
2 0.0854288 -0.140317 -0.495043  0.032841 -0.0979574 -0.453377
2 0.0854288 -0.140317 -0.495043  0.0113035 -0.154085 -0.446791
2 0.0854288 -0.140317 -0.495043  0.0170044 -0.167279 -0.442996
2 0.0854288 -0.140317 -0.495043  0.027119 -0.177378 -0.455403
2 0.0854288 -0.140317 -0.495043  0.0380312 -0.182581 -0.468637
2 0.0854288 -0.140317 -0.495043  0.0620521 -0.180733 -0.45102
2 -0.318639 -0.139313 -0.927617  -0.3624 -0.155079 -0.999157
2 -0.318639 -0.139313 -0.927617  -0.364785 -0.177613 -0.992806
2 -0.318639 -0.139313 -0.927617  -0.354109 -0.190125 -0.981996
2 -0.318639 -0.139313 -0.927617  -0.361171 -0.116824 -0.99893
2 -0.318639 -0.139313 -0.927617  -0.368177 -0.100971 -0.991424
2 -0.318639 -0.139313 -0.927617  -0.337438 -0.0922239 -0.984205
2 -0.318639 -0.139313 -0.927617  -0.327245 -0.108738 -0.993985
2 -0.318639 -0.139313 -0.927617  -0.318247 -0.152568 -0.997098
2 -0.318639 -0.139313 -0.927617  -0.336346 -0.195724 -0.967444
2 -0.318639 -0.139313 -0.927617  -0.334628 -0.18722 -0.941272
2 -0.318639 -0.139313 -0.927617  -0.329976 -0.18275 -0.989152
2 -0.318639 -0.139313 -0.927617  -0.340316 -0.132168 -1.00042
2 -0.318639 -0.139313 -0.927617  -0.334575 -0.170361 -0.996041
2 -0.0806394 -0.141118 -0.433125  -0.0637477 -0.125457 -0.34851
2 -0.0806394 -0.141118 -0.433125  -0.14304 -0.120609 -0.402642
2 -0.0806394 -0.141118 -0.433125  -0.134017 -0.106564 -0.408452
2 -0.0806394 -0.141118 -0.433125  -0.103159 -0.0895073 -0.384865
2 -0.0669952 -0.137493 -0.296195  -0.0637764 -0.125654 -0.276168
2 -0.0669952 -0.137493 -0.296195  -0.0725976 -0.110082 -0.275353
2 -0.105413 -0.140617 -0.627334  -0.0340335 -0.189288 -0.679002
2 -0.105413 -0.140617 -0.627334  -0.089578 -0.131563 -0.692785
2 -0.105413 -0.140617 -0.627334  -0.0682931 -0.18996 -0.669819
2 -0.105413 -0.140617 -0.627334  -0.0825633 -0.172044 -0.678507
2 -0.105413 -0.140617 -0.627334  -0.014684 -0.129119 -0.698015
2 -0.105413 -0.140617 -0.627334  -0.0197255 -0.112027 -0.700113
2 -0.105413 -0.140617 -0.627334  -0.0327523 -0.0945268 -0.700743
2 -0.105413 -0.140617 -0.627334  -0.0742744 -0.0937868 -0.687367
2 -0.0714757 -0.139788 -0.32295  -0.154714 -0.162363 -0.271937
2 -0.0714757 -0.139788 -0.32295  -0.138251 -0.102672 -0.27579
2 -0.0714757 -0.139788 -0.32295  -0.143274 -0.109163 -0.294089
2 -0.0714757 -0.139788 -0.32295  -0.126893 -0.0954271 -0.291613
2 -0.0714757 -0.139788 -0.32295  -0.0852569 -0.0983933 -0.282655
2 -0.0714757 -0.139788 -0.32295  -0.063561 -0.145811 -0.295653
2 -0.0714757 -0.139788 -0.32295  -0.103844 -0.189843 -0.27905
2 -0.0714757 -0.139788 -0.32295  -0.151443 -0.12287 -0.286975
2 -0.0714757 -0.139788 -0.32295  -0.135014 -0.183155 -0.289258
2 -0.0714757 -0.139788 -0.32295  -0.121022 -0.187388 -0.313542
2 -0.0714757 -0.139788 -0.32295  -0.146974 -0.173366 -0.306117
2 -0.372462 -0.128217 -0.285664  -0.293837 -0.133646 -0.280068
2 -0.372462 -0.128217 -0.285664  -0.280042 -0.153189 -0.243595
2 -0.372462 -0.128217 -0.285664  -0.28493 -0.16362 -0.264696
2 0.65518 -0.126928 0.259012  0.630698 -0.138177 0.311477
2 0.65518 -0.126928 0.259012  0.62411 -0.105892 0.3197
2 0.564396 -0.128157 -0.0400925  0.57099 -0.0855638 -0.0862221
2 0.564396 -0.128157 -0.0400925  0.619074 -0.110418 -0.139626
2 0.564396 -0.128157 -0.0400925  0.604382 -0.0764445 -0.0943558
2 0.564396 -0.128157 -0.0400925  0.610628 -0.0915267 -0.13513
2 0.564396 -0.128157 -0.0400925  0.602385 -0.0791104 -0.117315
2 0.564396 -0.128157 -0.0400925  0.588082 -0.103085 -0.155541
2 0.564396 -0.128157 -0.0400925  0.594621 -0.124649 -0.157231
2 0.564396 -0.128157 -0.0400925  0.592661 -0.148121 -0.154545
2 0.564396 -0.128157 -0.0400925  0.590221 -0.179686 -0.107214
2 0.564396 -0.128157 -0.0400925  0.593221 -0.16751 -0.141529
2 -0.470336 -0.131359 -0.060816  -0.479893 -0.158529 -0.0969721
2 -0.470336 -0.131359 -0.060816  -0.530896 -0.177682 -0.0791665
2 -0.470336 -0.131359 -0.060816  -0.481155 -0.123152 -0.118808
2 -0.470336 -0.131359 -0.060816  -0.496816 -0.0912742 -0.122655
2 -0.470336 -0.131359 -0.060816  -0.483432 -0.102537 -0.112277
2 -0.470336 -0.131359 -0.060816  -0.576911 -0.0897393 -0.0935224
2 -0.470336 -0.131359 -0.060816  -0.550962 -0.0759579 -0.0988329
2 -0.470336 -0.131359 -0.060816  -0.577515 -0.155128 -0.0715036
2 -0.458446 -0.129982 -0.187891  -0.508517 -0.173932 -0.192154
2 -0.458446 -0.129982 -0.187891  -0.540078 -0.176655 -0.222355
2 -0.458446 -0.129982 -0.187891  -0.546898 -0.151628 -0.246965
2 -0.458446 -0.129982 -0.187891  -0.493815 -0.154965 -0.196013
2 -0.458446 -0.129982 -0.187891  -0.483693 -0.131083 -0.203853
2 -0.458446 -0.129982 -0.187891  -0.495063 -0.131928 -0.191655
2 -0.458446 -0.129982 -0.187891  -0.498881 -0.142278 -0.177793
2 -0.458446 -0.129982 -0.187891  -0.555564 -0.166052 -0.225034
2 -0.458446 -0.129982 -0.187891  -0.557406 -0.102988 -0.234931
2 -0.458446 -0.129982 -0.187891  -0.558441 -0.128415 -0.242492
2 -0.458446 -0.129982 -0.187891  -0.511648 -0.0755902 -0.211102
2 -0.458446 -0.129982 -0.187891  -0.531513 -0.0835404 -0.237116
2 -0.458446 -0.129982 -0.187891  -0.519524 -0.0750528 -0.224656
2 -0.458446 -0.129982 -0.187891  -0.495073 -0.105169 -0.196275
2 -0.458446 -0.129982 -0.187891  -0.571423 -0.146266 -0.220564
2 0.668108 -0.127163 0.0898245  0.734471 -0.0774291 0.0985709
2 0.668108 -0.127163 0.0898245  0.713428 -0.0852999 0.105247
2 0.668108 -0.127163 0.0898245  0.691426 -0.132735 0.0816341
2 0.668108 -0.127163 0.0898245  0.695965 -0.15123 0.0811693
2 0.668108 -0.127163 0.0898245  0.733201 -0.174738 0.0809252
2 0.668108 -0.127163 0.0898245  0.698247 -0.122341 0.105531
2 0.668108 -0.127163 0.0898245  0.717412 -0.172258 0.0890458
2 0.668108 -0.127163 0.0898245  0.7061 -0.161728 0.0957761
2 0.668108 -0.127163 0.0898245  0.761246 -0.115374 0.0962402
2 -0.695992 -0.209757 -0.378131  -0.785366 -0.182142 -0.333382
2 -0.695992 -0.209757 -0.378131  -0.773061 -0.183414 -0.342821
2 -0.695992 -0.209757 -0.378131  -0.799699 -0.228544 -0.314827
2 0.560538 -0.139279 -0.688571  0.573793 -0.1402 -0.596661
2 0.560538 -0.139279 -0.688571  0.57677 -0.17105 -0.581913
2 0.560538 -0.139279 -0.688571  0.562902 -0.13022 -0.543952
2 0.560538 -0.139279 -0.688571  0.559449 -0.11787 -0.550079
2 0.492706 -0.211517 -0.316243  0.487646 -0.236212 -0.376918
2 0.492706 -0.211517 -0.316243  0.50829 -0.229232 -0.396716
2 0.492706 -0.211517 -0.316243  0.522165 -0.216885 -0.397408
2 0.492706 -0.211517 -0.316243  0.514387 -0.205393 -0.406231
2 0.492706 -0.211517 -0.316243  0.500909 -0.184267 -0.393412
2 0.492706 -0.211517 -0.316243  0.511162 -0.18887 -0.396736
2 0.492706 -0.211517 -0.316243  0.484058 -0.201804 -0.3437
2 0.492706 -0.211517 -0.316243  0.477905 -0.214645 -0.349498
2 0.492706 -0.211517 -0.316243  0.526172 -0.18201 -0.354717
2 0.492706 -0.211517 -0.316243  0.490727 -0.2262 -0.34865
2 0.492706 -0.211517 -0.316243  0.524039 -0.23501 -0.370234
2 0.492706 -0.211517 -0.316243  0.533005 -0.196138 -0.385901
2 0.597605 -0.127855 -0.0128054  0.660015 -0.161243 -0.0865946
2 0.597605 -0.127855 -0.0128054  0.655758 -0.0819668 -0.0748044
2 0.597605 -0.127855 -0.0128054  0.666697 -0.0960916 -0.0833944
2 0.597605 -0.127855 -0.0128054  0.661366 -0.078244 -0.0494332
2 0.597605 -0.127855 -0.0128054  0.656996 -0.0785203 -0.0368913
2 0.597605 -0.127855 -0.0128054  0.640573 -0.0845886 -0.0303221
2 0.597605 -0.127855 -0.0128054  0.63132 -0.0938927 -0.0301552
2 0.597605 -0.127855 -0.0128054  0.621262 -0.144709 -0.0314387
2 0.597605 -0.127855 -0.0128054  0.626965 -0.161328 -0.0334497
2 -0.16442 -0.127396 0.692651  -0.168498 -0.134562 0.651292
2 -0.16442 -0.127396 0.692651  -0.172291 -0.119705 0.659239
2 -0.16442 -0.127396 0.692651  -0.190744 -0.141795 0.653689
2 -0.16442 -0.127396 0.692651  -0.200882 -0.134622 0.651543
2 -0.16442 -0.127396 0.692651  -0.192995 -0.123971 0.625415
2 -0.16442 -0.127396 0.692651  -0.187593 -0.114941 0.627574
2 -0.392147 -0.13376 0.607251  -0.386576 -0.160154 0.699304
2 -0.392147 -0.13376 0.607251  -0.382581 -0.109043 0.6926
2 -0.392147 -0.13376 0.607251  -0.382087 -0.135709 0.693831
2 -0.392147 -0.13376 0.607251  -0.395132 -0.08138 0.692323
2 -0.392147 -0.13376 0.607251  -0.408648 -0.0752762 0.688597
2 -0.392147 -0.13376 0.607251  -0.423667 -0.0765679 0.690912
2 -0.392147 -0.13376 0.607251  -0.438063 -0.120421 0.722571
2 -0.392147 -0.13376 0.607251  -0.42195 -0.171428 0.716699
2 -0.392147 -0.13376 0.607251  -0.410135 -0.178753 0.70886
2 0.676827 -0.127073 0.114245  0.76618 -0.120318 0.133877
2 0.676827 -0.127073 0.114245  0.727113 -0.078235 0.12715
2 0.676827 -0.127073 0.114245  0.748964 -0.0853215 0.116063
2 0.676827 -0.127073 0.114245  0.713876 -0.164513 0.135853
2 0.676827 -0.127073 0.114245  0.730241 -0.175775 0.125607
2 0.676827 -0.127073 0.114245  0.742907 -0.176318 0.126169
2 0.676827 -0.127073 0.114245  0.702738 -0.124836 0.132505
2 0.104838 -0.140388 -0.539166  0.115772 -0.164221 -0.568043
2 0.104838 -0.140388 -0.539166  0.110609 -0.173648 -0.582348
2 0.104838 -0.140388 -0.539166  0.0980665 -0.181475 -0.587369
2 0.104838 -0.140388 -0.539166  0.0831194 -0.184975 -0.587034
2 0.104838 -0.140388 -0.539166  0.0493504 -0.127094 -0.607837
2 0.104838 -0.140388 -0.539166  0.0468853 -0.142416 -0.602995
2 0.104838 -0.140388 -0.539166  0.0803904 -0.0935557 -0.571641
2 0.104838 -0.140388 -0.539166  0.0661804 -0.0959768 -0.579482
2 0.104838 -0.140388 -0.539166  0.0574952 -0.10243 -0.591147
2 0.104838 -0.140388 -0.539166  0.0487103 -0.17153 -0.57754
2 0.104838 -0.140388 -0.539166  0.0435989 -0.162263 -0.581837
2 0.104838 -0.140388 -0.539166  0.109588 -0.127697 -0.533599
2 0.104838 -0.140388 -0.539166  0.107043 -0.115227 -0.543552
2 0.233483 -0.181121 -0.227143  0.227361 -0.208774 -0.213973
2 0.233483 -0.181121 -0.227143  0.226833 -0.220586 -0.214464
2 0.233483 -0.181121 -0.227143  0.222312 -0.200014 -0.213973
2 0.233483 -0.181121 -0.227143  0.20942 -0.189304 -0.215081
2 0.233483 -0.181121 -0.227143  0.172052 -0.234209 -0.225869
2 -0.464037 -0.138286 -0.753502  -0.490025 -0.16347 -0.674565
2 -0.464037 -0.138286 -0.753502  -0.504791 -0.154342 -0.675677
2 -0.464037 -0.138286 -0.753502  -0.47163 -0.159172 -0.696459
2 -0.464037 -0.138286 -0.753502  -0.492098 -0.114933 -0.67994
2 -0.464037 -0.138286 -0.753502  -0.514896 -0.139031 -0.683641
2 0.253781 -0.128448 0.616381  0.169347 -0.118155 0.609322
2 0.253781 -0.128448 0.616381  0.172085 -0.140511 0.618987
2 -0.636941 -0.209293 -0.28182  -0.59692 -0.19722 -0.281166
2 -0.636941 -0.209293 -0.28182  -0.597982 -0.224808 -0.279602
2 -0.636941 -0.209293 -0.28182  -0.598205 -0.209702 -0.28273
2 -0.636941 -0.209293 -0.28182  -0.581211 -0.201048 -0.248138
2 0.541533 -0.21231 -0.317886  0.557685 -0.232767 -0.299441
2 0.541533 -0.21231 -0.317886  0.589934 -0.233419 -0.318516
2 0.541533 -0.21231 -0.317886  0.57727 -0.195826 -0.260609
2 0.541533 -0.21231 -0.317886  0.570719 -0.205688 -0.258961
2 0.541533 -0.21231 -0.317886  0.570253 -0.186938 -0.28441
2 0.541533 -0.21231 -0.317886  0.567836 -0.224749 -0.273388
2 0.541533 -0.21231 -0.317886  0.55541 -0.214629 -0.273728
2 0.541533 -0.21231 -0.317886  0.590734 -0.181963 -0.301361
2 0.541533 -0.21231 -0.317886  0.592346 -0.18613 -0.318043
2 0.541533 -0.21231 -0.317886  0.584804 -0.237281 -0.304142
2 0.541533 -0.21231 -0.317886  0.577834 -0.236618 -0.295496
2 -0.299527 -0.139375 -0.920677  -0.340761 -0.104803 -0.930255
2 -0.299527 -0.139375 -0.920677  -0.337659 -0.0891329 -0.941479
2 -0.299527 -0.139375 -0.920677  -0.314662 -0.0838028 -0.966265
2 -0.299527 -0.139375 -0.920677  -0.329027 -0.170398 -0.927583
2 -0.299527 -0.139375 -0.920677  -0.332705 -0.152528 -0.922682
2 -0.299527 -0.139375 -0.920677  -0.321856 -0.195585 -0.953817
2 0.609455 -0.139345 -0.654296  0.635155 -0.169741 -0.574554
2 0.609455 -0.139345 -0.654296  0.649827 -0.131503 -0.550541
2 0.609455 -0.139345 -0.654296  0.657568 -0.147336 -0.554767
2 0.609455 -0.139345 -0.654296  0.646829 -0.119158 -0.602411
2 0.646743 -0.126946 0.267664  0.614883 -0.124471 0.321755
2 0.646743 -0.126946 0.267664  0.618357 -0.153609 0.327929
2 0.646743 -0.126946 0.267664  0.674566 -0.0981807 0.373992
2 0.646743 -0.126946 0.267664  0.660927 -0.173321 0.361271
2 0.646743 -0.126946 0.267664  0.647824 -0.172908 0.343006
2 0.646743 -0.126946 0.267664  0.675791 -0.15128 0.378184
2 0.646743 -0.126946 0.267664  0.658557 -0.0824908 0.366613
2 0.646743 -0.126946 0.267664  0.668016 -0.125992 0.387623
2 0.646743 -0.126946 0.267664  0.652286 -0.163575 0.384429
2 0.646743 -0.126946 0.267664  0.618061 -0.0920662 0.338835
2 -0.145763 -0.127387 0.675193  -0.145309 -0.118253 0.611251
2 -0.145763 -0.127387 0.675193  -0.147324 -0.136307 0.619709
2 -0.145763 -0.127387 0.675193  -0.16152 -0.139456 0.606097
2 -0.455376 -0.130706 -0.034504  -0.550267 -0.102773 -0.019316
2 -0.455376 -0.130706 -0.034504  -0.557351 -0.117121 -0.0190847
2 -0.455376 -0.130706 -0.034504  -0.539473 -0.158275 -0.00974541
2 -0.455376 -0.130706 -0.034504  -0.562252 -0.149957 -0.03366
2 -0.455376 -0.130706 -0.034504  -0.561911 -0.13415 -0.023437
2 -0.455376 -0.130706 -0.034504  -0.554514 -0.091163 -0.0442241
2 -0.455376 -0.130706 -0.034504  -0.504906 -0.175488 -0.0309655
2 -0.455376 -0.130706 -0.034504  -0.540371 -0.146554 0.00273561
2 -0.455376 -0.130706 -0.034504  -0.5165 -0.168406 -0.00690606
2 -0.455376 -0.130706 -0.034504  -0.536858 -0.131067 0.0125118
2 -0.455376 -0.130706 -0.034504  -0.517743 -0.0777093 -0.0399559
2 -0.455376 -0.130706 -0.034504  -0.519673 -0.0845423 -0.0133001
2 -0.455376 -0.130706 -0.034504  -0.521139 -0.0955329 0.00774575
2 -0.455376 -0.130706 -0.034504  -0.450673 -0.103999 -0.0661816
2 -0.455376 -0.130706 -0.034504  -0.443104 -0.123597 -0.0674489
2 -0.455376 -0.130706 -0.034504  -0.451102 -0.158428 -0.0596154
2 -0.0785679 -0.141049 -0.376541  -0.152986 -0.162099 -0.335139
2 -0.0785679 -0.141049 -0.376541  -0.102834 -0.187457 -0.338542
2 -0.0785679 -0.141049 -0.376541  -0.136397 -0.180969 -0.336863
2 -0.0785679 -0.141049 -0.376541  -0.0749484 -0.174493 -0.336286
2 -0.0785679 -0.141049 -0.376541  -0.149558 -0.125387 -0.340945
2 -0.0785679 -0.141049 -0.376541  -0.141687 -0.111468 -0.348564
2 -0.0785679 -0.141049 -0.376541  -0.151714 -0.136248 -0.362352
2 -0.0785679 -0.141049 -0.376541  -0.14678 -0.172316 -0.352427
2 -0.0785679 -0.141049 -0.376541  -0.134155 -0.100685 -0.32446
2 -0.0785679 -0.141049 -0.376541  -0.109981 -0.0906094 -0.312613
2 -0.0785679 -0.141049 -0.376541  -0.0682771 -0.123205 -0.30556
2 -0.0785679 -0.141049 -0.376541  -0.0775312 -0.107109 -0.300189
2 -0.394298 -0.128518 -0.266152  -0.33762 -0.0852971 -0.247952
2 -0.394298 -0.128518 -0.266152  -0.340812 -0.109948 -0.273746
2 -0.394298 -0.128518 -0.266152  -0.343209 -0.0969576 -0.269846
2 -0.394298 -0.128518 -0.266152  -0.33297 -0.15361 -0.27239
2 -0.394298 -0.128518 -0.266152  -0.337354 -0.136288 -0.275592
2 -0.394298 -0.128518 -0.266152  -0.339002 -0.170224 -0.255359
2 0.1386 -0.140359 -0.596985  0.145332 -0.0938404 -0.706658
2 0.1386 -0.140359 -0.596985  0.136107 -0.0908783 -0.720115
2 0.1386 -0.140359 -0.596985  0.154969 -0.173202 -0.68504
2 0.1386 -0.140359 -0.596985  0.16487 -0.157624 -0.683636
2 0.1386 -0.140359 -0.596985  0.164537 -0.127032 -0.683318
2 0.254822 -0.128476 0.601277  0.205809 -0.101616 0.596375
2 0.254822 -0.128476 0.601277  0.20254 -0.153654 0.609378
2 0.254822 -0.128476 0.601277  0.211922 -0.132188 0.59866
2 0.254822 -0.128476 0.601277  0.184017 -0.156312 0.603696
2 0.254822 -0.128476 0.601277  0.163129 -0.138332 0.593088
2 0.254822 -0.128476 0.601277  0.187098 -0.0933756 0.601428
2 0.433867 -0.139363 -0.752067  0.463566 -0.121684 -0.831475
2 0.433867 -0.139363 -0.752067  0.462132 -0.159547 -0.830746
2 0.433867 -0.139363 -0.752067  0.470472 -0.139546 -0.825427
2 0.433867 -0.139363 -0.752067  0.451549 -0.10483 -0.828633
2 0.433867 -0.139363 -0.752067  0.428985 -0.0923283 -0.797339
2 0.433867 -0.139363 -0.752067  0.408527 -0.156697 -0.77937
2 -0.306688 -0.127513 -0.341176  -0.181361 -0.126813 -0.348878
2 -0.306688 -0.127513 -0.341176  -0.191159 -0.116386 -0.347093
2 -0.306688 -0.127513 -0.341176  -0.229023 -0.13284 -0.328675
2 -0.306688 -0.127513 -0.341176  -0.19653 -0.142197 -0.330916
2 -0.306688 -0.127513 -0.341176  -0.18303 -0.133413 -0.333376
2 -0.306688 -0.127513 -0.341176  -0.184551 -0.126059 -0.321103
2 -0.306688 -0.127513 -0.341176  -0.210346 -0.106873 -0.328063
2 -0.306688 -0.127513 -0.341176  -0.219548 -0.111549 -0.34357
2 -0.306688 -0.127513 -0.341176  -0.224326 -0.121879 -0.34652
2 -0.306688 -0.127513 -0.341176  -0.220919 -0.143203 -0.339093
2 -0.306688 -0.127513 -0.341176  -0.232299 -0.118388 -0.318791
2 -0.306688 -0.127513 -0.341176  -0.190171 -0.135282 -0.308781
2 0.315219 -0.201871 -0.280018  0.298737 -0.209628 -0.304148
2 0.315219 -0.201871 -0.280018  0.282479 -0.198855 -0.29555
2 0.315219 -0.201871 -0.280018  0.306872 -0.230674 -0.32341
2 0.315219 -0.201871 -0.280018  0.297632 -0.235497 -0.329076
2 0.315219 -0.201871 -0.280018  0.285011 -0.238427 -0.343558
2 0.315219 -0.201871 -0.280018  0.262469 -0.232539 -0.368269
2 0.315219 -0.201871 -0.280018  0.240166 -0.212969 -0.369602
2 0.315219 -0.201871 -0.280018  0.249219 -0.224253 -0.37334
2 0.315219 -0.201871 -0.280018  0.284125 -0.183437 -0.326868
2 0.315219 -0.201871 -0.280018  0.312193 -0.198583 -0.317835
2 0.315219 -0.201871 -0.280018  0.303326 -0.190249 -0.319959
2 0.315219 -0.201871 -0.280018  0.313859 -0.22144 -0.319801
2 0.315219 -0.201871 -0.280018  0.266425 -0.199351 -0.388786
2 0.315219 -0.201871 -0.280018  0.267785 -0.181639 -0.343023
2 0.315219 -0.201871 -0.280018  0.276815 -0.20919 -0.407826
2 0.315219 -0.201871 -0.280018  0.27015 -0.217482 -0.400242
2 0.315219 -0.201871 -0.280018  0.279696 -0.187987 -0.384495
2 0.252235 -0.128353 0.637147  0.194796 -0.147582 0.644952
2 0.252235 -0.128353 0.637147  0.210463 -0.150024 0.629431
2 0.252235 -0.128353 0.637147  0.223905 -0.142831 0.640835
2 0.252235 -0.128353 0.637147  0.185652 -0.117676 0.646131
2 0.252235 -0.128353 0.637147  0.194727 -0.103562 0.634986
2 0.252235 -0.128353 0.637147  0.173006 -0.127055 0.632433
2 0.252235 -0.128353 0.637147  0.203109 -0.154498 0.629278
2 0.252235 -0.128353 0.637147  0.216597 -0.116068 0.616818
2 0.252235 -0.128353 0.637147  0.217902 -0.129271 0.618975
2 0.252235 -0.128353 0.637147  0.212983 -0.141843 0.618102
2 0.252235 -0.128353 0.637147  0.212336 -0.104607 0.619995
2 0.252235 -0.128353 0.637147  0.204314 -0.0989803 0.621504
2 -0.692746 -0.20994 -0.401176  -0.806425 -0.192009 -0.347009
2 -0.692746 -0.20994 -0.401176  -0.81611 -0.202168 -0.35095
2 -0.692746 -0.20994 -0.401176  -0.817021 -0.212178 -0.356634
2 -0.692746 -0.20994 -0.401176  -0.811003 -0.225492 -0.361943
2 -0.692746 -0.20994 -0.401176  -0.796219 -0.235286 -0.35684
2 -0.692746 -0.20994 -0.401176  -0.771918 -0.232018 -0.361376
2 -0.692746 -0.20994 -0.401176  -0.767233 -0.190674 -0.355212
2 -0.490057 -0.206244 -0.428823  -0.527227 -0.188283 -0.538259
2 -0.490057 -0.206244 -0.428823  -0.524628 -0.224619 -0.530143
2 -0.490057 -0.206244 -0.428823  -0.520902 -0.210555 -0.524849
2 -0.490057 -0.206244 -0.428823  -0.526361 -0.234185 -0.576073
2 -0.490057 -0.206244 -0.428823  -0.512419 -0.21077 -0.590515
2 -0.490057 -0.206244 -0.428823  -0.522019 -0.234094 -0.540613
2 -0.490057 -0.206244 -0.428823  -0.491539 -0.199992 -0.580827
2 -0.490057 -0.206244 -0.428823  -0.490734 -0.231051 -0.569279
2 -0.490057 -0.206244 -0.428823  -0.489213 -0.221429 -0.578486
2 -0.0875961 -0.140943 -0.536238  -0.0430256 -0.182313 -0.54999
2 -0.0875961 -0.140943 -0.536238  -0.0919897 -0.184454 -0.548025
2 -0.0875961 -0.140943 -0.536238  -0.0731891 -0.189335 -0.558365
2 -0.0875961 -0.140943 -0.536238  -0.113908 -0.158223 -0.558692
2 -0.0875961 -0.140943 -0.536238  -0.0775658 -0.0899611 -0.562604
2 -0.0875961 -0.140943 -0.536238  -0.108086 -0.140081 -0.589254
2 -0.0875961 -0.140943 -0.536238  -0.101561 -0.116531 -0.594054
2 -0.0875961 -0.140943 -0.536238  -0.0986372 -0.10525 -0.581796
2 -0.0875961 -0.140943 -0.536238  -0.0930607 -0.0979978 -0.571927
2 -0.0875961 -0.140943 -0.536238  -0.108909 -0.108983 -0.551875
2 -0.0875961 -0.140943 -0.536238  -0.0227906 -0.130292 -0.537152
2 0.55042 -0.128278 -0.0503345  0.562579 -0.0773587 -0.105298
2 0.55042 -0.128278 -0.0503345  0.554881 -0.139097 -0.0789508
2 0.55042 -0.128278 -0.0503345  0.555545 -0.100565 -0.0845834
2 0.55042 -0.128278 -0.0503345  0.577412 -0.17445 -0.0902222
2 -0.115475 -0.127383 0.649571  -0.101122 -0.123014 0.60021
2 -0.115475 -0.127383 0.649571  -0.0932496 -0.129223 0.60133
2 -0.115475 -0.127383 0.649571  -0.110861 -0.131762 0.568002
2 -0.115475 -0.127383 0.649571  -0.117828 -0.124657 0.570164
2 -0.115475 -0.127383 0.649571  -0.0898074 -0.119826 0.590396
2 -0.115475 -0.127383 0.649571  -0.0827542 -0.127882 0.565925
2 -0.115475 -0.127383 0.649571  -0.075118 -0.121996 0.57642
2 -0.115475 -0.127383 0.649571  -0.0768145 -0.133514 0.579449
2 -0.115475 -0.127383 0.649571  -0.0842129 -0.134283 0.595152
2 -0.378681 -0.133799 0.643067  -0.397172 -0.119051 0.777285
2 -0.378681 -0.133799 0.643067  -0.375132 -0.175314 0.746503
2 -0.378681 -0.133799 0.643067  -0.384054 -0.17859 0.750913
2 -0.378681 -0.133799 0.643067  -0.405668 -0.147032 0.76611
2 -0.378681 -0.133799 0.643067  -0.400695 -0.0926965 0.761892
2 -0.378681 -0.133799 0.643067  -0.387028 -0.0790514 0.754046
2 -0.378681 -0.133799 0.643067  -0.363472 -0.113212 0.745369
2 -0.0846274 -0.141019 -0.506249  -0.126357 -0.17508 -0.481611
2 -0.0846274 -0.141019 -0.506249  -0.116842 -0.183223 -0.475803
2 -0.0846274 -0.141019 -0.506249  -0.135663 -0.131936 -0.486971
2 -0.0846274 -0.141019 -0.506249  -0.108581 -0.186806 -0.45334
2 -0.0846274 -0.141019 -0.506249  -0.0647234 -0.181561 -0.471968
2 -0.0846274 -0.141019 -0.506249  -0.08168 -0.187576 -0.47766
2 -0.0846274 -0.141019 -0.506249  -0.128061 -0.180595 -0.441787
2 -0.0846274 -0.141019 -0.506249  -0.138963 -0.168778 -0.443215
2 -0.0846274 -0.141019 -0.506249  -0.142653 -0.150964 -0.452171
2 -0.0846274 -0.141019 -0.506249  -0.0410655 -0.162247 -0.482137
2 -0.0846274 -0.141019 -0.506249  -0.0371768 -0.121003 -0.486134
2 -0.464799 -0.138394 -0.786814  -0.493876 -0.160848 -0.735959
2 -0.464799 -0.138394 -0.786814  -0.53316 -0.133673 -0.72414
2 -0.464799 -0.138394 -0.786814  -0.518609 -0.110812 -0.732322
2 -0.464799 -0.138394 -0.786814  -0.497306 -0.14886 -0.757767
2 -0.464799 -0.138394 -0.786814  -0.504074 -0.158795 -0.773872
2 -0.464799 -0.138394 -0.786814  -0.508573 -0.167426 -0.768258
2 -0.464799 -0.138394 -0.786814  -0.495545 -0.123958 -0.745947
2 -0.464799 -0.138394 -0.786814  -0.49171 -0.137505 -0.743398
2 -0.464799 -0.138394 -0.786814  -0.502012 -0.113216 -0.744052
2 -0.31898 -0.131997 0.70727  -0.325427 -0.120316 0.82593
2 -0.31898 -0.131997 0.70727  -0.31812 -0.16314 0.811753
2 -0.31898 -0.131997 0.70727  -0.316904 -0.151972 0.788131
2 -0.31898 -0.131997 0.70727  -0.325322 -0.166621 0.793926
2 -0.31898 -0.131997 0.70727  -0.337808 -0.137926 0.819788
2 -0.31898 -0.131997 0.70727  -0.333095 -0.103928 0.818654
2 -0.371142 -0.133715 0.659167  -0.357985 -0.150284 0.754406
2 -0.371142 -0.133715 0.659167  -0.383918 -0.16019 0.784278
2 -0.371142 -0.133715 0.659167  -0.380638 -0.172559 0.775796
2 -0.100881 -0.140682 -0.610594  -0.0792617 -0.181868 -0.622309
2 -0.100881 -0.140682 -0.610594  -0.0874242 -0.168524 -0.638548
2 -0.100881 -0.140682 -0.610594  -0.0276116 -0.184201 -0.630122
2 -0.100881 -0.140682 -0.610594  -0.0151456 -0.170281 -0.637135
2 -0.100881 -0.140682 -0.610594  -0.0665877 -0.0882679 -0.651595
2 -0.100881 -0.140682 -0.610594  -0.017741 -0.105269 -0.664364
2 -0.100881 -0.140682 -0.610594  -0.0417513 -0.0862568 -0.666601
2 -0.100881 -0.140682 -0.610594  -0.0667242 -0.189098 -0.610985
2 -0.100881 -0.140682 -0.610594  -0.0109304 -0.12431 -0.656999
2 -0.100881 -0.140682 -0.610594  -0.0274207 -0.0953181 -0.635659
2 -0.100881 -0.140682 -0.610594  -0.090231 -0.135401 -0.666211
2 -0.100881 -0.140682 -0.610594  -0.0854369 -0.114007 -0.669422
2 -0.100881 -0.140682 -0.610594  -0.0889387 -0.152934 -0.673092
2 -0.100881 -0.140682 -0.610594  -0.0759787 -0.181777 -0.65623
2 -0.100881 -0.140682 -0.610594  -0.0116213 -0.142444 -0.678843
2 -0.100881 -0.140682 -0.610594  -0.0432298 -0.190957 -0.640144
2 -0.100881 -0.140682 -0.610594  -0.0220386 -0.179889 -0.670022
2 -0.100881 -0.140682 -0.610594  -0.0176178 -0.163957 -0.68579
2 -0.100881 -0.140682 -0.610594  -0.0582062 -0.0847166 -0.681264
2 -0.37131 -0.139131 -0.929817  -0.424595 -0.0918357 -0.937837
2 -0.37131 -0.139131 -0.929817  -0.418785 -0.153437 -0.925733
2 -0.37131 -0.139131 -0.929817  -0.447548 -0.188586 -0.958916
2 -0.37131 -0.139131 -0.929817  -0.438404 -0.168286 -0.923288
2 -0.37131 -0.139131 -0.929817  -0.435413 -0.192254 -0.945076
2 -0.37131 -0.139131 -0.929817  -0.43729 -0.152721 -0.98384
2 -0.37131 -0.139131 -0.929817  -0.440467 -0.174959 -0.975784
2 -0.156412 -0.127393 0.685132  -0.162466 -0.12277 0.636895
2 -0.156412 -0.127393 0.685132  -0.165008 -0.114786 0.630285
2 -0.156412 -0.127393 0.685132  -0.182131 -0.1341 0.612788
2 -0.156412 -0.127393 0.685132  -0.178239 -0.118356 0.599343
2 -0.156412 -0.127393 0.685132  -0.174611 -0.12557 0.592686
2 -0.156412 -0.127393 0.685132  -0.168884 -0.113963 0.608468
2 -0.156412 -0.127393 0.685132  -0.168187 -0.140995 0.634051
2 -0.41481 -0.201005 -0.367241  -0.446933 -0.186232 -0.496167
2 -0.41481 -0.201005 -0.367241  -0.445274 -0.181766 -0.515044
2 -0.41481 -0.201005 -0.367241  -0.431673 -0.182722 -0.518945
2 -0.41481 -0.201005 -0.367241  -0.417356 -0.198065 -0.528228
2 -0.41481 -0.201005 -0.367241  -0.454033 -0.213053 -0.484003
2 -0.41481 -0.201005 -0.367241  -0.435757 -0.235858 -0.502432
2 0.491703 -0.12868 -0.0770748  0.426921 -0.0770244 -0.12973
2 0.491703 -0.12868 -0.0770748  0.483923 -0.178208 -0.143005
2 0.491703 -0.12868 -0.0770748  0.447121 -0.0840807 -0.118568
2 0.491703 -0.12868 -0.0770748  0.450723 -0.127227 -0.0989718
2 0.491703 -0.12868 -0.0770748  0.501415 -0.177278 -0.154388
2 0.491703 -0.12868 -0.0770748  0.48581 -0.17359 -0.125386
2 0.491703 -0.12868 -0.0770748  0.483973 -0.138827 -0.181559
2 0.491703 -0.12868 -0.0770748  0.490668 -0.113923 -0.179548
2 0.491703 -0.12868 -0.0770748  0.480407 -0.079439 -0.124307
2 0.491703 -0.12868 -0.0770748  0.473503 -0.0999463 -0.105601
2 0.491703 -0.12868 -0.0770748  0.472361 -0.116569 -0.0999083
2 0.491703 -0.12868 -0.0770748  0.481448 -0.0737555 -0.145838
2 0.491703 -0.12868 -0.0770748  0.483663 -0.076736 -0.159347
2 0.491703 -0.12868 -0.0770748  0.514999 -0.154149 -0.176642
2 0.491703 -0.12868 -0.0770748  0.515181 -0.168991 -0.167895
2 -0.394316 -0.132947 0.576363  -0.464252 -0.14003 0.631629
2 -0.394316 -0.132947 0.576363  -0.454997 -0.157842 0.639687
2 -0.394316 -0.132947 0.576363  -0.401851 -0.163801 0.621336
2 -0.394316 -0.132947 0.576363  -0.392233 -0.116324 0.622336
2 -0.394316 -0.132947 0.576363  -0.392658 -0.140365 0.626956
2 -0.394316 -0.132947 0.576363  -0.420891 -0.0782364 0.613837
2 -0.394316 -0.132947 0.576363  -0.450702 -0.0873376 0.62261
2 -0.394316 -0.132947 0.576363  -0.413135 -0.178237 0.646192
2 -0.394316 -0.132947 0.576363  -0.420077 -0.179195 0.656564
2 0.626734 -0.139371 -0.642357  0.676423 -0.166904 -0.601674
2 0.626734 -0.139371 -0.642357  0.695695 -0.15936 -0.599441
2 0.626734 -0.139371 -0.642357  0.695218 -0.126282 -0.589024
2 0.626734 -0.139371 -0.642357  0.648231 -0.13766 -0.610378
2 0.626734 -0.139371 -0.642357  0.646005 -0.157613 -0.601983
2 0.626734 -0.139371 -0.642357  0.65021 -0.167014 -0.593855
2 0.626734 -0.139371 -0.642357  0.65784 -0.162169 -0.568747
2 0.626734 -0.139371 -0.642357  0.662807 -0.121046 -0.566087
2 0.626734 -0.139371 -0.642357  0.668205 -0.113205 -0.608178
2 0.626734 -0.139371 -0.642357  0.671438 -0.113975 -0.58977
2 0.626734 -0.139371 -0.642357  0.680872 -0.136856 -0.569459
2 0.626734 -0.139371 -0.642357  0.68378 -0.151582 -0.575446
2 0.251263 -0.128284 0.648994  0.190853 -0.132983 0.655524
2 0.251263 -0.128284 0.648994  0.235082 -0.129138 0.645345
2 0.251263 -0.128284 0.648994  0.232886 -0.110832 0.648157
2 0.251263 -0.128284 0.648994  0.228037 -0.147777 0.655985
2 -0.379041 -0.128302 -0.279905  -0.315135 -0.164442 -0.266274
2 -0.379041 -0.128302 -0.279905  -0.305856 -0.164849 -0.249767
2 -0.379041 -0.128302 -0.279905  -0.312462 -0.146064 -0.231829
2 -0.379041 -0.128302 -0.279905  -0.310322 -0.126958 -0.229045
2 -0.379041 -0.128302 -0.279905  -0.302884 -0.0890254 -0.260046
2 -0.379041 -0.128302 -0.279905  -0.302311 -0.0951113 -0.269285
2 -0.379041 -0.128302 -0.279905  -0.301525 -0.110713 -0.275769
2 -0.160247 -0.140004 -0.781063  -0.141212 -0.130661 -0.80195
2 -0.160247 -0.140004 -0.781063  -0.143761 -0.109321 -0.811028
2 -0.160247 -0.140004 -0.781063  -0.1449 -0.176649 -0.817005
2 -0.160247 -0.140004 -0.781063  -0.132642 -0.193078 -0.824642
2 -0.160247 -0.140004 -0.781063  -0.0875046 -0.17425 -0.847381
2 -0.243182 -0.126699 -0.426004  -0.241125 -0.124267 -0.434485
2 -0.243182 -0.126699 -0.426004  -0.241462 -0.114654 -0.44058
2 -0.385779 -0.128394 -0.273891  -0.32294 -0.110517 -0.229228
2 -0.385779 -0.128394 -0.273891  -0.320207 -0.0966736 -0.236997
2 -0.385779 -0.128394 -0.273891  -0.324247 -0.122603 -0.27602
2 -0.385779 -0.128394 -0.273891  -0.33075 -0.160989 -0.236931
2 -0.401633 -0.128631 -0.25932  -0.358759 -0.122786 -0.225167
2 -0.401633 -0.128631 -0.25932  -0.347029 -0.139308 -0.226359
2 -0.401633 -0.128631 -0.25932  -0.360277 -0.154681 -0.229698
2 -0.401633 -0.128631 -0.25932  -0.366949 -0.164578 -0.234188
2 -0.401633 -0.128631 -0.25932  -0.36862 -0.169965 -0.241807
2 -0.354472 -0.133234 0.67979  -0.363892 -0.0896778 0.758122
2 -0.354472 -0.133234 0.67979  -0.355123 -0.172866 0.788158
2 -0.354472 -0.133234 0.67979  -0.351157 -0.163724 0.767557
2 -0.354472 -0.133234 0.67979  -0.360103 -0.175158 0.771678
2 -0.354472 -0.133234 0.67979  -0.35456 -0.131381 0.757278
2 -0.354472 -0.133234 0.67979  -0.345568 -0.111597 0.770459
2 -0.354472 -0.133234 0.67979  -0.337484 -0.137311 0.77444
2 -0.354472 -0.133234 0.67979  -0.352874 -0.159545 0.804225
2 -0.354472 -0.133234 0.67979  -0.354379 -0.120025 0.81316
2 -0.354472 -0.133234 0.67979  -0.372723 -0.0844042 0.784121
2 -0.354472 -0.133234 0.67979  -0.370243 -0.101536 0.797218
2 -0.354472 -0.133234 0.67979  -0.375923 -0.119606 0.79928
2 -0.354472 -0.133234 0.67979  -0.373941 -0.139172 0.798143
2 -0.354472 -0.133234 0.67979  -0.353192 -0.0823299 0.786136
2 -0.17906 -0.127415 0.706001  -0.203544 -0.144425 0.711605
2 -0.17906 -0.127415 0.706001  -0.177698 -0.132056 0.719337
2 -0.17906 -0.127415 0.706001  -0.182819 -0.138116 0.704121
2 -0.17906 -0.127415 0.706001  -0.189406 -0.110383 0.718995
2 -0.17906 -0.127415 0.706001  -0.175947 -0.123032 0.697567
2 0.469417 -0.210902 -0.314244  0.48344 -0.198605 -0.424518
2 0.469417 -0.210902 -0.314244  0.477241 -0.190433 -0.35777
2 0.469417 -0.210902 -0.314244  0.481504 -0.211933 -0.428796
2 0.469417 -0.210902 -0.314244  0.477587 -0.223816 -0.425656
2 0.469417 -0.210902 -0.314244  0.462251 -0.235481 -0.405291
2 0.469417 -0.210902 -0.314244  0.454711 -0.221572 -0.36732
2 0.469417 -0.210902 -0.314244  0.456379 -0.230802 -0.374271
2 -0.586129 -0.209326 -0.31151  -0.557317 -0.205202 -0.358455
2 -0.696314 -0.209659 -0.36436  -0.750753 -0.212146 -0.316139
2 -0.696314 -0.209659 -0.36436  -0.750495 -0.198957 -0.313393
2 -0.696314 -0.209659 -0.36436  -0.757458 -0.18313 -0.299664
2 -0.696314 -0.209659 -0.36436  -0.760398 -0.190396 -0.323985
2 -0.696314 -0.209659 -0.36436  -0.778018 -0.236993 -0.305829
2 -0.696314 -0.209659 -0.36436  -0.756753 -0.227315 -0.316838
2 -0.696314 -0.209659 -0.36436  -0.792013 -0.187038 -0.305873
2 -0.696314 -0.209659 -0.36436  -0.800633 -0.198111 -0.30351
2 -0.696314 -0.209659 -0.36436  -0.803912 -0.213616 -0.303391
2 -0.246068 -0.126868 -0.40353  -0.227656 -0.130434 -0.402664
2 -0.246068 -0.126868 -0.40353  -0.197772 -0.131572 -0.407716
2 -0.246068 -0.126868 -0.40353  -0.216724 -0.144854 -0.402292
2 0.684488 -0.126987 0.143492  0.765836 -0.126906 0.176148
2 0.684488 -0.126987 0.143492  0.704603 -0.143233 0.16079
2 0.684488 -0.126987 0.143492  0.705094 -0.114244 0.162439
2 0.684488 -0.126987 0.143492  0.737814 -0.17724 0.160448
2 0.684488 -0.126987 0.143492  0.748197 -0.172489 0.170618
2 0.508001 -0.139262 -0.723497  0.528003 -0.108771 -0.619398
2 0.508001 -0.139262 -0.723497  0.534544 -0.100776 -0.605105
2 0.508001 -0.139262 -0.723497  0.492868 -0.15533 -0.59626
2 0.508001 -0.139262 -0.723497  0.502147 -0.118067 -0.594856
2 0.508001 -0.139262 -0.723497  0.513711 -0.102515 -0.603101
2 0.508001 -0.139262 -0.723497  0.5323 -0.142019 -0.626695
2 0.508001 -0.139262 -0.723497  0.534251 -0.156955 -0.621604
2 0.508001 -0.139262 -0.723497  0.531556 -0.170526 -0.619458
2 0.508001 -0.139262 -0.723497  0.517265 -0.18013 -0.610445
2 0.508001 -0.139262 -0.723497  0.483675 -0.136653 -0.608844
2 0.508001 -0.139262 -0.723497  0.489371 -0.177307 -0.629955
2 0.508001 -0.139262 -0.723497  0.47988 -0.165586 -0.626371
2 0.508001 -0.139262 -0.723497  0.474725 -0.150887 -0.623434
2 0.508001 -0.139262 -0.723497  0.507421 -0.171843 -0.595022
2 0.209126 -0.140128 -0.67745  0.238055 -0.0951166 -0.801763
2 0.209126 -0.140128 -0.67745  0.251179 -0.147277 -0.771588
2 0.209126 -0.140128 -0.67745  0.227785 -0.132034 -0.838903
2 0.209126 -0.140128 -0.67745  0.228147 -0.166213 -0.834501
2 0.209126 -0.140128 -0.67745  0.211112 -0.11281 -0.823854
2 0.209126 -0.140128 -0.67745  0.201339 -0.150642 -0.825821
2 0.427621 -0.128749 -0.0877669  0.376126 -0.145763 -0.177977
2 0.427621 -0.128749 -0.0877669  0.40034 -0.17618 -0.134364
2 0.427621 -0.128749 -0.0877669  0.39486 -0.161981 -0.104343
2 0.427621 -0.128749 -0.0877669  0.363123 -0.0838688 -0.159989
2 0.427621 -0.128749 -0.0877669  0.36068 -0.0762779 -0.126637
2 0.427621 -0.128749 -0.0877669  0.355175 -0.0757259 -0.137793
2 0.427621 -0.128749 -0.0877669  0.341846 -0.0962581 -0.166494
2 0.427621 -0.128749 -0.0877669  0.372014 -0.176572 -0.142498
2 0.427621 -0.128749 -0.0877669  0.354765 -0.160401 -0.167508
2 0.427621 -0.128749 -0.0877669  0.366426 -0.172296 -0.155398
2 0.427621 -0.128749 -0.0877669  0.380722 -0.151169 -0.0941303
2 0.427621 -0.128749 -0.0877669  0.379655 -0.136624 -0.0899627
2 0.427621 -0.128749 -0.0877669  0.377828 -0.116811 -0.0901174
2 -0.384954 -0.129634 0.514167  -0.38427 -0.115165 0.503714
2 -0.384954 -0.129634 0.514167  -0.384231 -0.1331 0.509178
2 -0.384954 -0.129634 0.514167  -0.389761 -0.096629 0.497963
2 -0.384954 -0.129634 0.514167  -0.416867 -0.0784524 0.513531
2 -0.384954 -0.129634 0.514167  -0.393525 -0.161468 0.506051
2 -0.384954 -0.129634 0.514167  -0.415181 -0.175327 0.521389
2 -0.384954 -0.129634 0.514167  -0.404847 -0.170981 0.5144
2 -0.384954 -0.129634 0.514167  -0.4464 -0.169258 0.502918
2 -0.384954 -0.129634 0.514167  -0.422441 -0.17615 0.496908
2 -0.384954 -0.129634 0.514167  -0.446289 -0.0839171 0.516255
2 -0.384954 -0.129634 0.514167  -0.461475 -0.107322 0.510883
2 -0.384954 -0.129634 0.514167  -0.463335 -0.147566 0.514639
2 -0.645989 -0.210852 -0.495446  -0.680388 -0.234936 -0.527978
2 -0.645989 -0.210852 -0.495446  -0.678975 -0.229064 -0.5188
2 -0.645989 -0.210852 -0.495446  -0.689105 -0.218307 -0.505038
2 -0.645989 -0.210852 -0.495446  -0.681974 -0.203755 -0.506614
2 -0.645989 -0.210852 -0.495446  -0.702221 -0.228345 -0.557573
2 -0.645989 -0.210852 -0.495446  -0.710713 -0.218289 -0.561771
2 -0.645989 -0.210852 -0.495446  -0.698991 -0.182667 -0.523995
2 -0.645989 -0.210852 -0.495446  -0.726366 -0.206045 -0.549781
2 -0.645989 -0.210852 -0.495446  -0.716994 -0.192022 -0.548667
2 -0.645989 -0.210852 -0.495446  -0.672778 -0.234784 -0.55654
2 -0.645989 -0.210852 -0.495446  -0.689602 -0.209704 -0.573185
2 -0.645989 -0.210852 -0.495446  -0.679115 -0.19405 -0.512386
2 -0.645989 -0.210852 -0.495446  -0.648984 -0.224814 -0.524316
2 -0.645989 -0.210852 -0.495446  -0.650524 -0.231937 -0.53179
2 0.165896 -0.140281 -0.632539  0.142146 -0.114158 -0.775834
2 0.165896 -0.140281 -0.632539  0.143767 -0.153673 -0.782189
2 0.165896 -0.140281 -0.632539  0.150261 -0.168876 -0.783293
2 0.165896 -0.140281 -0.632539  0.204971 -0.133761 -0.737986
2 0.165896 -0.140281 -0.632539  0.188918 -0.093839 -0.767019
2 0.148197 -0.140334 -0.610467  0.159567 -0.0918991 -0.73932
2 0.148197 -0.140334 -0.610467  0.152703 -0.0924262 -0.748335
2 0.148197 -0.140334 -0.610467  0.172303 -0.178327 -0.721922
2 0.148197 -0.140334 -0.610467  0.17866 -0.169825 -0.718329
2 0.148197 -0.140334 -0.610467  0.141118 -0.186609 -0.705925
2 0.148197 -0.140334 -0.610467  0.147189 -0.182163 -0.693674
2 0.148197 -0.140334 -0.610467  0.134877 -0.186936 -0.720655
2 0.148197 -0.140334 -0.610467  0.128952 -0.183985 -0.734132
2 0.148197 -0.140334 -0.610467  0.120935 -0.165051 -0.751028
2 0.148197 -0.140334 -0.610467  0.115477 -0.114297 -0.743296
2 0.148197 -0.140334 -0.610467  0.118641 -0.147358 -0.755535
2 0.148197 -0.140334 -0.610467  0.17853 -0.120259 -0.710657
2 0.148197 -0.140334 -0.610467  0.178693 -0.139647 -0.703893
2 0.148197 -0.140334 -0.610467  0.167345 -0.103957 -0.712381
2 0.0687385 -0.140155 -0.449933  0.0630898 -0.174623 -0.387401
2 0.0687385 -0.140155 -0.449933  0.0444487 -0.182774 -0.367366
2 0.0687385 -0.140155 -0.449933  0.0449029 -0.0938 -0.353197
2 -0.108351 -0.140577 -0.637436  -0.0744542 -0.184681 -0.682711
2 -0.108351 -0.140577 -0.637436  -0.0544395 -0.193786 -0.689942
2 -0.108351 -0.140577 -0.637436  -0.0210557 -0.14646 -0.719128
2 0.255855 -0.128498 0.58617  0.179034 -0.0975874 0.589397
2 0.432789 -0.209478 -0.308962  0.411191 -0.230664 -0.380767
2 0.432789 -0.209478 -0.308962  0.420998 -0.221074 -0.372442
2 0.432789 -0.209478 -0.308962  0.435594 -0.196992 -0.440664
2 0.432789 -0.209478 -0.308962  0.421814 -0.18744 -0.430343
2 0.432789 -0.209478 -0.308962  0.439033 -0.190719 -0.37217
2 0.432789 -0.209478 -0.308962  0.442325 -0.184878 -0.381337
2 -0.330516 -0.139274 -0.930443  -0.359257 -0.156306 -0.92777
2 -0.330516 -0.139274 -0.930443  -0.353053 -0.140154 -0.924721
2 -0.330516 -0.139274 -0.930443  -0.363077 -0.122075 -0.927146
2 -0.330516 -0.139274 -0.930443  -0.366058 -0.0842197 -0.955547
2 -0.330516 -0.139274 -0.930443  -0.364877 -0.173347 -0.934835
2 -0.330516 -0.139274 -0.930443  -0.381446 -0.184159 -0.942076
2 -0.330516 -0.139274 -0.930443  -0.392964 -0.170711 -0.933992
2 -0.330516 -0.139274 -0.930443  -0.388437 -0.154949 -0.929149
2 -0.330516 -0.139274 -0.930443  -0.37352 -0.19358 -0.954745
2 -0.330516 -0.139274 -0.930443  -0.379034 -0.1371 -0.926822
2 -0.330516 -0.139274 -0.930443  -0.384129 -0.0933337 -0.941195
2 -0.330516 -0.139274 -0.930443  -0.380476 -0.107092 -0.932178
2 -0.330516 -0.139274 -0.930443  -0.390926 -0.119202 -0.928394
2 -0.330516 -0.139274 -0.930443  -0.372658 -0.13265 -1.00045
2 -0.330516 -0.139274 -0.930443  -0.379473 -0.0879262 -0.975623
2 0.546575 -0.139269 -0.698172  0.567358 -0.121377 -0.59575
2 0.546575 -0.139269 -0.698172  0.562515 -0.162885 -0.5958
2 0.546575 -0.139269 -0.698172  0.546984 -0.147313 -0.552423
2 0.546575 -0.139269 -0.698172  0.579953 -0.103755 -0.577155
2 0.546575 -0.139269 -0.698172  0.57177 -0.105219 -0.588442
2 0.447619 -0.210198 -0.311741  0.447605 -0.199043 -0.364908
2 0.447619 -0.210198 -0.311741  0.477975 -0.183186 -0.374002
2 0.447619 -0.210198 -0.311741  0.450693 -0.206997 -0.441667
2 0.447619 -0.210198 -0.311741  0.443621 -0.228448 -0.435277
2 0.447619 -0.210198 -0.311741  0.440278 -0.218865 -0.441056
2 0.447619 -0.210198 -0.311741  0.42442 -0.235766 -0.393602
2 0.447619 -0.210198 -0.311741  0.411233 -0.181714 -0.40543
2 0.447619 -0.210198 -0.311741  0.437073 -0.181808 -0.393556
2 0.369299 -0.206208 -0.296238  0.3404 -0.210213 -0.439074
2 0.369299 -0.206208 -0.296238  0.342156 -0.200593 -0.439264
2 0.369299 -0.206208 -0.296238  0.360937 -0.221708 -0.436653
2 0.369299 -0.206208 -0.296238  0.361645 -0.235204 -0.411135
2 0.369299 -0.206208 -0.296238  0.375853 -0.20034 -0.355461
2 0.369299 -0.206208 -0.296238  0.357458 -0.181425 -0.376656
2 0.369299 -0.206208 -0.296238  0.343832 -0.180539 -0.398911
2 0.474871 -0.139286 -0.741215  0.507772 -0.177121 -0.664783
2 0.474871 -0.139286 -0.741215  0.4852 -0.181738 -0.658157
2 0.474871 -0.139286 -0.741215  0.468024 -0.170345 -0.664326
2 0.474871 -0.139286 -0.741215  0.462886 -0.153004 -0.655981
2 0.474871 -0.139286 -0.741215  0.491078 -0.181938 -0.710229
2 0.474871 -0.139286 -0.741215  0.448896 -0.183214 -0.748668
2 0.474871 -0.139286 -0.741215  0.463818 -0.186643 -0.758544
2 0.474871 -0.139286 -0.741215  0.441773 -0.124227 -0.722324
2 0.474871 -0.139286 -0.741215  0.433027 -0.169157 -0.752797
2 0.474871 -0.139286 -0.741215  0.425332 -0.147615 -0.756808
2 0.474871 -0.139286 -0.741215  0.434673 -0.110156 -0.754047
2 0.474871 -0.139286 -0.741215  0.429045 -0.128634 -0.751484
2 0.474871 -0.139286 -0.741215  0.437683 -0.159038 -0.733792
2 0.474871 -0.139286 -0.741215  0.434307 -0.142353 -0.736259
2 0.474871 -0.139286 -0.741215  0.449494 -0.0947402 -0.755127
2 0.474871 -0.139286 -0.741215  0.485316 -0.178369 -0.75008
2 0.474871 -0.139286 -0.741215  0.495835 -0.162409 -0.745676
2 0.474871 -0.139286 -0.741215  0.454776 -0.113444 -0.690939
2 0.474871 -0.139286 -0.741215  0.455029 -0.132549 -0.677431
2 0.474871 -0.139286 -0.741215  0.467512 -0.101694 -0.677479
2 0.474871 -0.139286 -0.741215  0.456347 -0.1746 -0.709101
2 0.474871 -0.139286 -0.741215  0.480862 -0.184354 -0.696955
2 0.474871 -0.139286 -0.741215  0.506661 -0.131907 -0.708434
2 0.474871 -0.139286 -0.741215  0.509843 -0.151414 -0.698148
2 0.474871 -0.139286 -0.741215  0.504457 -0.170113 -0.699117
2 0.474871 -0.139286 -0.741215  0.448446 -0.152054 -0.702102
2 -0.28123 -0.127271 -0.362433  -0.223084 -0.132195 -0.362298
2 -0.28123 -0.127271 -0.362433  -0.210033 -0.146506 -0.355
2 0.663646 -0.12691 0.250299  0.652512 -0.0803786 0.339026
2 0.292066 -0.198524 -0.268643  0.199645 -0.188348 -0.288691
2 0.292066 -0.198524 -0.268643  0.226411 -0.186342 -0.268072
2 0.292066 -0.198524 -0.268643  0.236576 -0.192848 -0.259897
2 0.292066 -0.198524 -0.268643  0.197413 -0.215989 -0.3158
2 0.292066 -0.198524 -0.268643  0.208377 -0.231764 -0.315801
2 0.292066 -0.198524 -0.268643  0.231655 -0.231008 -0.344411
2 0.292066 -0.198524 -0.268643  0.229039 -0.184114 -0.299665
2 0.292066 -0.198524 -0.268643  0.228592 -0.193229 -0.33834
2 0.292066 -0.198524 -0.268643  0.213301 -0.204054 -0.33265
2 0.292066 -0.198524 -0.268643  0.216781 -0.224213 -0.33779
2 0.292066 -0.198524 -0.268643  0.263533 -0.210944 -0.271455
2 0.292066 -0.198524 -0.268643  0.254638 -0.198524 -0.270366
2 0.292066 -0.198524 -0.268643  0.276296 -0.231017 -0.296464
2 0.292066 -0.198524 -0.268643  0.235859 -0.236929 -0.322857
2 -0.172373 -0.139929 -0.799785  -0.134338 -0.0794573 -0.850512
2 -0.172373 -0.139929 -0.799785  -0.147949 -0.0840479 -0.842924
2 -0.172373 -0.139929 -0.799785  -0.156988 -0.18501 -0.83778
2 -0.654926 -0.210761 -0.485793  -0.713138 -0.22878 -0.496771
2 -0.654926 -0.210761 -0.485793  -0.732062 -0.185667 -0.526902
2 -0.654926 -0.210761 -0.485793  -0.751522 -0.195176 -0.526567
2 -0.654926 -0.210761 -0.485793  -0.692476 -0.186944 -0.51341
2 -0.654926 -0.210761 -0.485793  -0.715158 -0.193066 -0.491308
2 -0.654926 -0.210761 -0.485793  -0.716433 -0.205863 -0.485032
2 -0.654926 -0.210761 -0.485793  -0.730085 -0.233548 -0.519402
2 -0.654926 -0.210761 -0.485793  -0.738936 -0.222189 -0.535799
2 -0.654926 -0.210761 -0.485793  -0.764005 -0.188126 -0.50642
2 -0.654926 -0.210761 -0.485793  -0.767253 -0.210178 -0.511023
2 -0.455151 -0.204241 -0.401466  -0.489214 -0.210381 -0.512639
2 -0.455151 -0.204241 -0.401466  -0.492139 -0.220683 -0.516286
2 -0.455151 -0.204241 -0.401466  -0.493661 -0.229558 -0.523677
2 -0.455151 -0.204241 -0.401466  -0.490884 -0.237199 -0.539198
2 -0.455151 -0.204241 -0.401466  -0.487605 -0.236372 -0.551479
2 -0.455151 -0.204241 -0.401466  -0.481665 -0.182853 -0.549276
2 -0.455151 -0.204241 -0.401466  -0.472964 -0.20963 -0.572403
2 0.578281 -0.127122 0.308903  0.528842 -0.143217 0.403276
2 0.578281 -0.127122 0.308903  0.526182 -0.120659 0.408517
2 0.578281 -0.127122 0.308903  0.549566 -0.104828 0.360208
2 0.578281 -0.127122 0.308903  0.553071 -0.0987977 0.372348
2 0.578281 -0.127122 0.308903  0.546398 -0.100549 0.390539
2 0.578281 -0.127122 0.308903  0.55295 -0.106675 0.406493
2 0.345412 -0.2046 -0.290088  0.343416 -0.187599 -0.349647
2 0.345412 -0.2046 -0.290088  0.356696 -0.216362 -0.347235
2 0.345412 -0.2046 -0.290088  0.331061 -0.228301 -0.419366
2 0.345412 -0.2046 -0.290088  0.324074 -0.192309 -0.422547
2 -0.0796806 -0.141077 -0.40998  -0.13699 -0.17794 -0.392559
2 -0.0796806 -0.141077 -0.40998  -0.147997 -0.164174 -0.393087
2 -0.0796806 -0.141077 -0.40998  -0.151843 -0.149967 -0.381007
2 -0.0796806 -0.141077 -0.40998  -0.13068 -0.100296 -0.37905
2 -0.0796806 -0.141077 -0.40998  -0.0849667 -0.18244 -0.362283
2 -0.0796806 -0.141077 -0.40998  -0.0712011 -0.111514 -0.344398
2 0.738547 -0.209655 -0.292213  0.756917 -0.200668 -0.305017
2 -0.695377 -0.209801 -0.383853  -0.813162 -0.205834 -0.330203
2 -0.695377 -0.209801 -0.383853  -0.813117 -0.218543 -0.331987
2 -0.695377 -0.209801 -0.383853  -0.762543 -0.221374 -0.343209
2 -0.695377 -0.209801 -0.383853  -0.760675 -0.205116 -0.350213
2 -0.695377 -0.209801 -0.383853  -0.776381 -0.236686 -0.337784
2 0.402399 -0.139464 -0.745685  0.36481 -0.0940252 -0.816749
2 0.402399 -0.139464 -0.745685  0.379308 -0.0926063 -0.839339
2 0.402399 -0.139464 -0.745685  0.391092 -0.143693 -0.870426
2 0.402399 -0.139464 -0.745685  0.393413 -0.165036 -0.865162
2 0.402399 -0.139464 -0.745685  0.388786 -0.10872 -0.861449
2 0.402399 -0.139464 -0.745685  0.367195 -0.104606 -0.80345
2 0.402399 -0.139464 -0.745685  0.370502 -0.155114 -0.795454
2 0.402399 -0.139464 -0.745685  0.366633 -0.136913 -0.792602
2 0.402399 -0.139464 -0.745685  0.366855 -0.122028 -0.794631
2 -0.463136 -0.138479 -0.81095  -0.504174 -0.148322 -0.793382
2 -0.463136 -0.138479 -0.81095  -0.522651 -0.170245 -0.767893
2 -0.165368 -0.139972 -0.789152  -0.10756 -0.0971992 -0.872013
2 -0.165368 -0.139972 -0.789152  -0.114741 -0.0859774 -0.864589
2 -0.165368 -0.139972 -0.789152  -0.106798 -0.158296 -0.877311
2 -0.165368 -0.139972 -0.789152  -0.0983657 -0.13467 -0.869636
2 -0.165368 -0.139972 -0.789152  -0.0940816 -0.094147 -0.852927
2 -0.165368 -0.139972 -0.789152  -0.115121 -0.0799402 -0.847285
2 -0.165368 -0.139972 -0.789152  -0.086329 -0.154542 -0.853761
2 -0.165368 -0.139972 -0.789152  -0.0843225 -0.111456 -0.845138
2 -0.165368 -0.139972 -0.789152  -0.162525 -0.141079 -0.825047
2 -0.165368 -0.139972 -0.789152  -0.148115 -0.0938284 -0.826275
2 -0.165368 -0.139972 -0.789152  -0.155057 -0.161674 -0.820447
2 -0.323079 -0.187495 -0.276681  -0.251068 -0.225448 -0.300602
2 -0.323079 -0.187495 -0.276681  -0.240707 -0.220376 -0.292644
2 -0.323079 -0.187495 -0.276681  -0.247151 -0.214258 -0.311564
2 -0.323079 -0.187495 -0.276681  -0.284737 -0.184403 -0.277828
2 -0.323079 -0.187495 -0.276681  -0.250206 -0.192877 -0.294938
2 -0.323079 -0.187495 -0.276681  -0.2659 -0.185547 -0.287785
2 -0.323079 -0.187495 -0.276681  -0.311271 -0.194796 -0.262256
2 -0.323079 -0.187495 -0.276681  -0.297828 -0.234302 -0.286531
2 -0.464673 -0.138343 -0.771401  -0.491153 -0.167309 -0.70736
2 -0.464673 -0.138343 -0.771401  -0.513944 -0.16383 -0.711712
2 -0.464673 -0.138343 -0.771401  -0.526517 -0.150673 -0.713924
2 -0.464673 -0.138343 -0.771401  -0.49559 -0.111168 -0.712536
2 -0.464673 -0.138343 -0.771401  -0.482001 -0.14836 -0.720841
2 -0.464673 -0.138343 -0.771401  -0.486133 -0.119325 -0.714958
2 -0.464673 -0.138343 -0.771401  -0.479846 -0.132876 -0.715808
2 -0.464673 -0.138343 -0.771401  -0.518197 -0.122549 -0.700843
2 -0.579998 -0.209323 -0.317523  -0.559343 -0.222725 -0.368515
2 -0.579998 -0.209323 -0.317523  -0.553863 -0.215594 -0.375701
2 -0.579998 -0.209323 -0.317523  -0.558302 -0.216238 -0.369144
2 -0.579998 -0.209323 -0.317523  -0.553157 -0.19614 -0.361748
2 -0.579998 -0.209323 -0.317523  -0.551259 -0.203222 -0.375652
2 -0.361734 -0.12314 0.444847  -0.383699 -0.176831 0.363501
2 -0.361734 -0.12314 0.444847  -0.352308 -0.162847 0.406846
2 -0.361734 -0.12314 0.444847  -0.419878 -0.155847 0.361878
2 -0.361734 -0.12314 0.444847  -0.42943 -0.141773 0.37453
2 -0.361734 -0.12314 0.444847  -0.418756 -0.112432 0.350214
2 -0.361734 -0.12314 0.444847  -0.416113 -0.0974428 0.362622
2 -0.361734 -0.12314 0.444847  -0.370059 -0.0789956 0.382771
2 -0.43581 -0.129279 -0.223399  -0.4779 -0.176203 -0.245771
2 -0.43581 -0.129279 -0.223399  -0.494399 -0.140758 -0.270405
2 -0.43581 -0.129279 -0.223399  -0.513391 -0.154836 -0.262678
2 -0.43581 -0.129279 -0.223399  -0.486478 -0.167197 -0.260466
2 -0.43581 -0.129279 -0.223399  -0.487649 -0.0837003 -0.256427
2 -0.43581 -0.129279 -0.223399  -0.492045 -0.0771127 -0.244926
2 -0.43581 -0.129279 -0.223399  -0.48842 -0.0967524 -0.264846
2 -0.43581 -0.129279 -0.223399  -0.458951 -0.125577 -0.214405
2 -0.376447 -0.127232 0.485471  -0.373377 -0.150401 0.462995
2 -0.376447 -0.127232 0.485471  -0.410384 -0.175325 0.433969
2 -0.376447 -0.127232 0.485471  -0.437437 -0.166652 0.440802
2 -0.376447 -0.127232 0.485471  -0.374035 -0.0871798 0.435044
2 -0.376447 -0.127232 0.485471  -0.404245 -0.079595 0.416785
2 -0.376447 -0.127232 0.485471  -0.387357 -0.0801712 0.42922
2 -0.376447 -0.127232 0.485471  -0.423775 -0.0891215 0.405542
2 -0.376447 -0.127232 0.485471  -0.435928 -0.107014 0.40277
2 -0.376447 -0.127232 0.485471  -0.441068 -0.153445 0.419278
2 -0.376447 -0.127232 0.485471  -0.414788 -0.172225 0.40202
2 -0.376447 -0.127232 0.485471  -0.447336 -0.129994 0.427357
2 -0.376447 -0.127232 0.485471  -0.441983 -0.0946491 0.441919
2 0.631917 -0.127522 0.0276438  0.673428 -0.0952754 0.0277747
2 0.631917 -0.127522 0.0276438  0.679187 -0.160671 0.031242
2 0.631917 -0.127522 0.0276438  0.664452 -0.125929 0.0248503
2 0.631917 -0.127522 0.0276438  0.714417 -0.171864 0.0176126
2 0.631917 -0.127522 0.0276438  0.68598 -0.17218 0.0216411
2 0.631917 -0.127522 0.0276438  0.719764 -0.136276 -0.0167646
2 0.631917 -0.127522 0.0276438  0.723344 -0.148016 -0.0047378
2 0.631917 -0.127522 0.0276438  0.685705 -0.0788734 -0.00577502
2 0.578872 -0.128028 -0.0291332  0.596634 -0.144156 -0.0533954
2 0.578872 -0.128028 -0.0291332  0.621499 -0.0798602 -0.0606614
2 0.578872 -0.128028 -0.0291332  0.613792 -0.0865137 -0.0545085
2 0.578872 -0.128028 -0.0291332  0.635185 -0.0774526 -0.0810972
2 0.578872 -0.128028 -0.0291332  0.624597 -0.156671 -0.127859
2 0.578872 -0.128028 -0.0291332  0.601269 -0.177385 -0.12014
2 0.578872 -0.128028 -0.0291332  0.596217 -0.0977958 -0.0603374
2 0.578872 -0.128028 -0.0291332  0.582372 -0.119556 -0.0636103
2 0.578872 -0.128028 -0.0291332  0.58674 -0.16118 -0.0673983
2 0.578872 -0.128028 -0.0291332  0.622647 -0.134241 -0.137909
2 0.578872 -0.128028 -0.0291332  0.63676 -0.0872112 -0.109126
2 0.578872 -0.128028 -0.0291332  0.638425 -0.098563 -0.119342
2 -0.124914 -0.140355 -0.693776  -0.0948844 -0.126247 -0.720402
2 -0.124914 -0.140355 -0.693776  -0.0729383 -0.0850189 -0.731071
2 -0.124914 -0.140355 -0.693776  -0.0840788 -0.0942179 -0.725732
2 -0.124914 -0.140355 -0.693776  -0.0408039 -0.122071 -0.770377
2 -0.124914 -0.140355 -0.693776  -0.040219 -0.147035 -0.770191
2 0.533251 -0.212248 -0.317999  0.569113 -0.182383 -0.303799
2 0.533251 -0.212248 -0.317999  0.526446 -0.226352 -0.315188
2 0.533251 -0.212248 -0.317999  0.562252 -0.216441 -0.362189
2 0.533251 -0.212248 -0.317999  0.552603 -0.223739 -0.366889
2 0.533251 -0.212248 -0.317999  0.558807 -0.206484 -0.365819
2 0.533251 -0.212248 -0.317999  0.553348 -0.230494 -0.358142
2 0.533251 -0.212248 -0.317999  0.521 -0.231072 -0.330313
2 0.533251 -0.212248 -0.317999  0.541986 -0.236802 -0.344547
2 0.533251 -0.212248 -0.317999  0.525033 -0.234769 -0.338538
2 0.533251 -0.212248 -0.317999  0.526823 -0.213487 -0.300837
2 0.533251 -0.212248 -0.317999  0.538093 -0.206238 -0.289184
2 0.533251 -0.212248 -0.317999  0.534772 -0.220005 -0.297477
2 0.533251 -0.212248 -0.317999  0.547204 -0.197816 -0.285151
2 0.533251 -0.212248 -0.317999  0.549255 -0.191001 -0.292638
2 0.533251 -0.212248 -0.317999  0.584437 -0.225077 -0.334877
2 0.533251 -0.212248 -0.317999  0.576099 -0.220379 -0.347194
2 0.533251 -0.212248 -0.317999  0.59297 -0.214668 -0.332137
2 0.533251 -0.212248 -0.317999  0.594694 -0.205162 -0.331345
2 0.533251 -0.212248 -0.317999  0.586713 -0.196032 -0.335026
2 -0.46875 -0.205114 -0.412399  -0.487415 -0.190122 -0.569233
2 -0.46875 -0.205114 -0.412399  -0.489289 -0.183452 -0.535166
2 -0.46875 -0.205114 -0.412399  -0.501994 -0.199473 -0.52183
2 -0.345975 -0.117688 0.0601627  -0.449559 -0.103813 0.0916201
2 -0.345975 -0.117688 0.0601627  -0.452751 -0.0945764 0.0809908
2 -0.345975 -0.117688 0.0601627  -0.440351 -0.0896016 0.0865122
2 -0.345975 -0.117688 0.0601627  -0.397023 -0.0782135 0.0520844
2 -0.345975 -0.117688 0.0601627  -0.425387 -0.0791213 0.0703633
2 -0.345975 -0.117688 0.0601627  -0.385583 -0.159816 -0.00978431
2 -0.345975 -0.117688 0.0601627  -0.437115 -0.171414 0.0618423
2 -0.345975 -0.117688 0.0601627  -0.443379 -0.149678 0.0904983
2 -0.333262 -0.132516 0.698219  -0.329595 -0.0941509 0.788891
2 -0.333262 -0.132516 0.698219  -0.324825 -0.114259 0.785123
2 -0.333262 -0.132516 0.698219  -0.342807 -0.0884009 0.805494
2 0.512999 -0.127333 0.306868  0.467134 -0.13774 0.321421
2 0.190109 -0.140197 -0.658599  0.232729 -0.136705 -0.759993
2 0.190109 -0.140197 -0.658599  0.221042 -0.102097 -0.772572
2 0.190109 -0.140197 -0.658599  0.228282 -0.119685 -0.761996
2 0.190109 -0.140197 -0.658599  0.226872 -0.15245 -0.758049
2 0.190109 -0.140197 -0.658599  0.227363 -0.17 -0.768311
2 0.190109 -0.140197 -0.658599  0.224761 -0.182759 -0.781444
2 0.190109 -0.140197 -0.658599  0.195875 -0.168791 -0.817564
2 0.190109 -0.140197 -0.658599  0.21071 -0.178788 -0.814764
2 0.190109 -0.140197 -0.658599  0.18838 -0.127587 -0.817525
2 0.190109 -0.140197 -0.658599  0.187435 -0.101602 -0.800242
2 -0.380549 -0.128385 0.498128  -0.435004 -0.0831939 0.46566
2 -0.380549 -0.128385 0.498128  -0.39592 -0.0839271 0.477637
2 -0.380549 -0.128385 0.498128  -0.407865 -0.07803 0.465862
2 -0.380549 -0.128385 0.498128  -0.382216 -0.160831 0.467556
2 -0.380549 -0.128385 0.498128  -0.37337 -0.132904 0.473655
2 -0.380549 -0.128385 0.498128  -0.380678 -0.0937106 0.464019
2 -0.380549 -0.128385 0.498128  -0.372838 -0.109763 0.465821
2 -0.380549 -0.128385 0.498128  -0.461895 -0.125162 0.493069
2 -0.380549 -0.128385 0.498128  -0.459015 -0.108315 0.484127
2 -0.380549 -0.128385 0.498128  -0.452274 -0.0955905 0.486947
2 -0.380549 -0.128385 0.498128  -0.453592 -0.158931 0.479076
2 -0.380549 -0.128385 0.498128  -0.430469 -0.173396 0.467266
2 -0.380549 -0.128385 0.498128  -0.452048 -0.109056 0.454436
2 -0.380549 -0.128385 0.498128  -0.456642 -0.144489 0.466263
2 0.252851 -0.12307 0.447577  0.322458 -0.172421 0.397853
2 0.252851 -0.12307 0.447577  0.334437 -0.145561 0.407651
2 0.252851 -0.12307 0.447577  0.33414 -0.104528 0.406207
2 0.252851 -0.12307 0.447577  0.337808 -0.127145 0.405278
2 0.689369 -0.126908 0.1831  0.700211 -0.150953 0.200399
2 0.689369 -0.126908 0.1831  0.706607 -0.174242 0.236316
2 0.689369 -0.126908 0.1831  0.718338 -0.178237 0.2376
2 0.689369 -0.126908 0.1831  0.740505 -0.165819 0.255029
2 0.689369 -0.126908 0.1831  0.752435 -0.125302 0.246262
2 -0.407262 -0.128721 -0.253996  -0.370215 -0.122805 -0.274801
2 -0.407262 -0.128721 -0.253996  -0.363187 -0.0850734 -0.260624
2 -0.407262 -0.128721 -0.253996  -0.36721 -0.088223 -0.236584
2 -0.407262 -0.128721 -0.253996  -0.364206 -0.103137 -0.228659
2 -0.407262 -0.128721 -0.253996  -0.366639 -0.167951 -0.262951
2 -0.614043 -0.209317 -0.290685  -0.561825 -0.189729 -0.296645
2 -0.614043 -0.209317 -0.290685  -0.546704 -0.196402 -0.304379
2 -0.614043 -0.209317 -0.290685  -0.549954 -0.219636 -0.288591
2 -0.614043 -0.209317 -0.290685  -0.553455 -0.228278 -0.297282
2 -0.614043 -0.209317 -0.290685  -0.576754 -0.214771 -0.300779
2 -0.614043 -0.209317 -0.290685  -0.576342 -0.20223 -0.301395
2 -0.614043 -0.209317 -0.290685  -0.565454 -0.223147 -0.310208
2 0.346422 -0.139649 -0.733168  0.331779 -0.186456 -0.826209
2 0.346422 -0.139649 -0.733168  0.330907 -0.178858 -0.813732
2 0.346422 -0.139649 -0.733168  0.329547 -0.162376 -0.80048
2 0.346422 -0.139649 -0.733168  0.332293 -0.136261 -0.794061
2 0.346422 -0.139649 -0.733168  0.327943 -0.100927 -0.810198
2 0.346422 -0.139649 -0.733168  0.336852 -0.0932308 -0.821468
2 0.346422 -0.139649 -0.733168  0.328194 -0.0937976 -0.839248
2 0.346422 -0.139649 -0.733168  0.318052 -0.125769 -0.864247
2 0.346422 -0.139649 -0.733168  0.318206 -0.109056 -0.858316
2 0.346422 -0.139649 -0.733168  0.303909 -0.144866 -0.86425
2 0.346422 -0.139649 -0.733168  0.316742 -0.156883 -0.865015
2 -0.33546 -0.112657 0.390494  -0.370178 -0.0794346 0.350352
2 -0.33546 -0.112657 0.390494  -0.344367 -0.0812214 0.365055
2 -0.33546 -0.112657 0.390494  -0.327956 -0.126207 0.402635
2 -0.33546 -0.112657 0.390494  -0.400699 -0.146828 0.312779
2 -0.33546 -0.112657 0.390494  -0.325438 -0.168799 0.366723
2 -0.33546 -0.112657 0.390494  -0.347281 -0.182568 0.314246
2 -0.33546 -0.112657 0.390494  -0.356604 -0.178667 0.29702
2 -0.33546 -0.112657 0.390494  -0.330187 -0.08753 0.369855
2 -0.33546 -0.112657 0.390494  -0.315477 -0.0999583 0.375331
2 -0.33546 -0.112657 0.390494  -0.342315 -0.079274 0.344228
2 0.681602 -0.12702 0.131474  0.760926 -0.102417 0.160491
2 0.681602 -0.12702 0.131474  0.765995 -0.142245 0.147259
2 0.681602 -0.12702 0.131474  0.739145 -0.0769986 0.151252
2 0.681602 -0.12702 0.131474  0.759515 -0.160296 0.157518
2 0.681602 -0.12702 0.131474  0.714518 -0.0898626 0.153332
2 -0.379833 -0.19674 -0.334194  -0.330496 -0.205288 -0.44261
2 -0.379833 -0.19674 -0.334194  -0.335528 -0.220367 -0.441938
2 -0.379833 -0.19674 -0.334194  -0.353405 -0.234585 -0.434784
2 0.686911 -0.139738 -0.692236  0.713082 -0.150882 -0.735095
2 0.686911 -0.139738 -0.692236  0.708904 -0.129232 -0.736628
2 0.686911 -0.139738 -0.692236  0.690909 -0.137803 -0.715229
2 0.686911 -0.139738 -0.692236  0.690149 -0.147711 -0.719447
2 0.686911 -0.139738 -0.692236  0.700684 -0.124016 -0.722233
2 0.686911 -0.139738 -0.692236  0.699937 -0.155167 -0.715699
2 0.686911 -0.139738 -0.692236  0.711915 -0.156988 -0.717428
2 0.686911 -0.139738 -0.692236  0.696228 -0.128208 -0.711101
2 0.686911 -0.139738 -0.692236  0.722624 -0.140986 -0.725602
2 0.00527496 -0.135074 -0.271027  -0.0272837 -0.142769 -0.267986
2 0.00527496 -0.135074 -0.271027  -0.0234457 -0.1194 -0.264323
2 0.00527496 -0.135074 -0.271027  -0.0305636 -0.165749 -0.260644
2 0.00527496 -0.135074 -0.271027  -0.0169759 -0.101358 -0.25081
2 0.00527496 -0.135074 -0.271027  0.0471717 -0.177696 -0.257594
2 0.00527496 -0.135074 -0.271027  0.0548037 -0.109004 -0.27106
2 0.00527496 -0.135074 -0.271027  0.00101005 -0.187447 -0.251119
2 0.00527496 -0.135074 -0.271027  0.029582 -0.185917 -0.248139
2 0.097657 -0.140371 -0.5236  0.0727692 -0.0956063 -0.50706
2 0.097657 -0.140371 -0.5236  0.0304139 -0.172122 -0.50095
2 0.097657 -0.140371 -0.5236  0.0451551 -0.0993497 -0.523799
2 0.097657 -0.140371 -0.5236  0.0325387 -0.110744 -0.523733
2 0.097657 -0.140371 -0.5236  0.0231777 -0.117311 -0.490324
2 0.097657 -0.140371 -0.5236  0.0189648 -0.150835 -0.497004
2 0.097657 -0.140371 -0.5236  0.110505 -0.142611 -0.528961
2 0.097657 -0.140371 -0.5236  0.0941421 -0.103638 -0.533739
2 0.097657 -0.140371 -0.5236  0.033817 -0.152942 -0.556054
2 0.097657 -0.140371 -0.5236  0.0916971 -0.177674 -0.541629
2 0.097657 -0.140371 -0.5236  0.106645 -0.156117 -0.52439
2 0.097657 -0.140371 -0.5236  0.0976843 -0.16889 -0.522159
2 0.097657 -0.140371 -0.5236  0.0392123 -0.116934 -0.562164
2 0.097657 -0.140371 -0.5236  0.0321097 -0.129137 -0.546611
2 0.097657 -0.140371 -0.5236  0.0247033 -0.141632 -0.523537
2 0.097657 -0.140371 -0.5236  0.0428965 -0.107232 -0.554213
2 0.097657 -0.140371 -0.5236  0.0266109 -0.161952 -0.5117
2 0.097657 -0.140371 -0.5236  0.0457797 -0.179515 -0.531182
2 -0.275675 -0.130363 0.720252  -0.283076 -0.141663 0.795368
2 -0.275675 -0.130363 0.720252  -0.27357 -0.157483 0.811593
2 -0.275675 -0.130363 0.720252  -0.297865 -0.0939909 0.803118
2 -0.275675 -0.130363 0.720252  -0.301595 -0.106654 0.795479
2 -0.275675 -0.130363 0.720252  -0.28109 -0.153063 0.825937
2 -0.275675 -0.130363 0.720252  -0.275475 -0.140122 0.832421
2 0.115098 -0.140387 -0.557995  0.0597513 -0.114045 -0.624744
2 0.115098 -0.140387 -0.557995  0.0510835 -0.156158 -0.61415
2 0.115098 -0.140387 -0.557995  0.0657074 -0.179512 -0.609837
2 0.115098 -0.140387 -0.557995  0.0774979 -0.175129 -0.657839
2 0.115098 -0.140387 -0.557995  0.0630133 -0.165293 -0.638309
2 0.268967 -0.193753 -0.254193  0.186269 -0.232731 -0.27549
2 0.268967 -0.193753 -0.254193  0.241052 -0.21542 -0.240414
2 -0.178148 -0.139893 -0.808629  -0.125441 -0.136009 -0.898842
2 -0.178148 -0.139893 -0.808629  -0.116856 -0.112855 -0.886975
2 -0.178148 -0.139893 -0.808629  -0.118499 -0.182098 -0.877556
2 -0.178148 -0.139893 -0.808629  -0.156209 -0.196677 -0.859611
2 -0.178148 -0.139893 -0.808629  -0.127481 -0.197293 -0.867872
2 -0.178148 -0.139893 -0.808629  -0.142082 -0.200026 -0.863009
2 -0.178148 -0.139893 -0.808629  -0.170144 -0.191035 -0.860257
2 -0.178148 -0.139893 -0.808629  -0.177426 -0.171454 -0.846764
2 -0.178148 -0.139893 -0.808629  -0.170786 -0.102403 -0.842322
2 -0.178148 -0.139893 -0.808629  -0.167944 -0.119432 -0.832635
2 0.672563 -0.127117 0.101392  0.750942 -0.169517 0.115887
2 0.672563 -0.127117 0.101392  0.75929 -0.15444 0.110386
2 0.672563 -0.127117 0.101392  0.701693 -0.14394 0.113773
2 0.672563 -0.127117 0.101392  0.704284 -0.103591 0.117084
2 0.672563 -0.127117 0.101392  0.763051 -0.133944 0.105544
2 0.672563 -0.127117 0.101392  0.758738 -0.101094 0.10685
2 0.194332 -0.0916435 0.337889  0.242893 -0.141529 0.310561
2 0.194332 -0.0916435 0.337889  0.246751 -0.159242 0.303357
2 0.194332 -0.0916435 0.337889  0.278796 -0.0766617 0.270232
2 0.194332 -0.0916435 0.337889  0.314527 -0.112501 0.267662
2 0.194332 -0.0916435 0.337889  0.29789 -0.0931286 0.255939
2 0.194332 -0.0916435 0.337889  0.290813 -0.176409 0.278355
2 0.194332 -0.0916435 0.337889  0.313549 -0.153333 0.272268
2 0.256562 -0.126085 0.494184  0.284301 -0.170259 0.45699
2 0.256562 -0.126085 0.494184  0.262934 -0.173268 0.455043
2 0.256562 -0.126085 0.494184  0.238716 -0.120466 0.454733
2 0.256562 -0.126085 0.494184  0.248382 -0.15501 0.447686
2 -0.369796 -0.125371 0.467201  -0.374431 -0.168011 0.42915
2 -0.369796 -0.125371 0.467201  -0.386495 -0.174806 0.413878
2 -0.369796 -0.125371 0.467201  -0.368551 -0.15876 0.440826
2 -0.369796 -0.125371 0.467201  -0.36296 -0.0988597 0.436503
2 0.511278 -0.128572 -0.0702308  0.511315 -0.0887179 -0.107195
2 0.511278 -0.128572 -0.0702308  0.491944 -0.0754026 -0.130717
2 0.511278 -0.128572 -0.0702308  0.505601 -0.0904074 -0.169519
2 0.511278 -0.128572 -0.0702308  0.501143 -0.165113 -0.109168
2 0.511278 -0.128572 -0.0702308  0.488848 -0.131725 -0.097134
2 0.511278 -0.128572 -0.0702308  0.48645 -0.148666 -0.100444
2 0.511278 -0.128572 -0.0702308  0.528944 -0.133281 -0.176844
2 0.511278 -0.128572 -0.0702308  0.528106 -0.109942 -0.175412
2 0.234271 -0.112648 0.398639  0.335738 -0.174166 0.351631
2 0.234271 -0.112648 0.398639  0.358009 -0.14134 0.344503
2 0.234271 -0.112648 0.398639  0.35049 -0.0931185 0.349589
2 0.234271 -0.112648 0.398639  0.357705 -0.114188 0.346765
2 0.234271 -0.112648 0.398639  0.306113 -0.0755069 0.353349
2 0.234271 -0.112648 0.398639  0.350546 -0.162387 0.34221
2 -0.264079 -0.139493 -0.900783  -0.254929 -0.166003 -0.976061
2 -0.264079 -0.139493 -0.900783  -0.253137 -0.182197 -0.96684
2 -0.264079 -0.139493 -0.900783  -0.268035 -0.0843919 -0.962639
2 -0.264079 -0.139493 -0.900783  -0.260039 -0.124732 -0.980964
2 -0.264079 -0.139493 -0.900783  -0.294249 -0.0928013 -0.925752
2 -0.264079 -0.139493 -0.900783  -0.290199 -0.111356 -0.913495
2 -0.264079 -0.139493 -0.900783  -0.284937 -0.192928 -0.93628
2 -0.264079 -0.139493 -0.900783  -0.284467 -0.180899 -0.920183
2 -0.264079 -0.139493 -0.900783  -0.293215 -0.157586 -0.912312
2 -0.264079 -0.139493 -0.900783  -0.277629 -0.196616 -0.949662
2 -0.264079 -0.139493 -0.900783  -0.276185 -0.149347 -0.986866
2 -0.430356 -0.202254 -0.380437  -0.430396 -0.209385 -0.541443
2 -0.430356 -0.202254 -0.380437  -0.440505 -0.231675 -0.531982
2 -0.430356 -0.202254 -0.380437  -0.434156 -0.188757 -0.532201
2 -0.430356 -0.202254 -0.380437  -0.465872 -0.226848 -0.502893
2 -0.353865 -0.118709 0.0553891  -0.421094 -0.176996 0.0224216
2 -0.353865 -0.118709 0.0553891  -0.463628 -0.17449 0.0204089
2 -0.353865 -0.118709 0.0553891  -0.480705 -0.167898 0.0353702
2 -0.353865 -0.118709 0.0553891  -0.430769 -0.174186 -0.00420736
2 -0.353865 -0.118709 0.0553891  -0.486872 -0.14734 0.0596078
2 -0.353865 -0.118709 0.0553891  -0.485185 -0.101241 0.0546797
2 -0.353865 -0.118709 0.0553891  -0.474126 -0.0891909 0.0496707
2 -0.353865 -0.118709 0.0553891  -0.480526 -0.116424 0.0687207
2 -0.353865 -0.118709 0.0553891  -0.464598 -0.16107 0.0633551
2 -0.353865 -0.118709 0.0553891  -0.465038 -0.133087 0.0826757
2 -0.353865 -0.118709 0.0553891  -0.380102 -0.121963 -0.0199426
2 -0.353865 -0.118709 0.0553891  -0.383721 -0.142938 -0.0213484
2 -0.353865 -0.118709 0.0553891  -0.389964 -0.102259 -0.0127643
2 -0.353865 -0.118709 0.0553891  -0.394863 -0.0894605 0.00406161
2 -0.353865 -0.118709 0.0553891  -0.398256 -0.082072 0.0249915
2 -0.353865 -0.118709 0.0553891  -0.435038 -0.0776742 0.0365273
2 0.159518 -0.140301 -0.624807  0.196977 -0.111455 -0.740583
2 0.159518 -0.140301 -0.624807  0.197205 -0.15796 -0.732903
2 0.159518 -0.140301 -0.624807  0.177586 -0.183699 -0.739996
2 0.159518 -0.140301 -0.624807  0.134156 -0.131594 -0.772439
2 0.159518 -0.140301 -0.624807  0.141614 -0.178186 -0.763694
2 0.159518 -0.140301 -0.624807  0.143569 -0.100851 -0.760466
2 0.159518 -0.140301 -0.624807  0.1801 -0.0976938 -0.742076
2 -0.328045 -0.127725 -0.32331  -0.213112 -0.115137 -0.275685
2 -0.328045 -0.127725 -0.32331  -0.212811 -0.142727 -0.284159
2 -0.328045 -0.127725 -0.32331  -0.230956 -0.105626 -0.306294
2 -0.328045 -0.127725 -0.32331  -0.193045 -0.117985 -0.306546
2 -0.328045 -0.127725 -0.32331  -0.202907 -0.109674 -0.307227
2 -0.328045 -0.127725 -0.32331  -0.197787 -0.128172 -0.289404
2 -0.328045 -0.127725 -0.32331  -0.223198 -0.149964 -0.305348
2 -0.328045 -0.127725 -0.32331  -0.230549 -0.143678 -0.311821
2 -0.206858 -0.139722 -0.850401  -0.217095 -0.161991 -0.873871
2 -0.206858 -0.139722 -0.850401  -0.206805 -0.11159 -0.867502
2 -0.206858 -0.139722 -0.850401  -0.190063 -0.1984 -0.896989
2 -0.206858 -0.139722 -0.850401  -0.177368 -0.198328 -0.904597
2 0.25728 -0.126669 0.503227  0.268118 -0.085857 0.475508
2 0.25728 -0.126669 0.503227  0.267972 -0.109439 0.497104
2 0.25728 -0.126669 0.503227  0.26336 -0.0961312 0.494337
2 0.25728 -0.126669 0.503227  0.276262 -0.122318 0.490415
2 0.25728 -0.126669 0.503227  0.271708 -0.137947 0.495183
2 0.25728 -0.126669 0.503227  0.264423 -0.173694 0.471882
2 0.25728 -0.126669 0.503227  0.26109 -0.157808 0.500241
2 0.25728 -0.126669 0.503227  0.247916 -0.167034 0.459842
2 0.258381 -0.128105 0.535097  0.194603 -0.0915862 0.544043
2 0.258381 -0.128105 0.535097  0.19172 -0.102522 0.531518
2 0.258381 -0.128105 0.535097  0.190706 -0.14251 0.528429
2 0.258381 -0.128105 0.535097  0.213778 -0.0870119 0.533195
2 0.258381 -0.128105 0.535097  0.200543 -0.159751 0.522186
2 0.459038 -0.210571 -0.313074  0.44808 -0.211048 -0.364423
2 0.459038 -0.210571 -0.313074  0.463246 -0.231563 -0.42314
2 0.459038 -0.210571 -0.313074  0.467987 -0.188881 -0.422797
2 0.459038 -0.210571 -0.313074  0.466586 -0.183424 -0.403908
2 0.0589806 -0.139847 -0.417302  0.024143 -0.184052 -0.314631
2 0.110162 -0.140388 -0.548932  0.0941069 -0.0963392 -0.572014
2 0.110162 -0.140388 -0.548932  0.124025 -0.153589 -0.577692
2 0.110162 -0.140388 -0.548932  0.07179 -0.183896 -0.595875
2 0.215749 -0.174333 -0.214005  0.215476 -0.193554 -0.188814
2 0.215749 -0.174333 -0.214005  0.219247 -0.207801 -0.185103
2 -0.256179 -0.129626 0.722664  -0.24596 -0.133848 0.831034
2 -0.256179 -0.129626 0.722664  -0.254217 -0.144403 0.830384
2 -0.256179 -0.129626 0.722664  -0.2517 -0.150371 0.82401
2 -0.256179 -0.129626 0.722664  -0.275597 -0.10255 0.801618
2 -0.256179 -0.129626 0.722664  -0.260983 -0.107582 0.824887
2 -0.256179 -0.129626 0.722664  -0.265948 -0.0980407 0.809815
2 -0.256179 -0.129626 0.722664  -0.264952 -0.123541 0.831982
2 -0.256179 -0.129626 0.722664  -0.272079 -0.119655 0.795191
2 -0.470105 -0.131011 -0.100306  -0.545173 -0.178862 -0.130429
2 -0.470105 -0.131011 -0.100306  -0.50422 -0.16375 -0.143165
2 -0.470105 -0.131011 -0.100306  -0.566387 -0.174919 -0.124733
2 -0.470105 -0.131011 -0.100306  -0.595764 -0.118447 -0.123324
2 -0.470105 -0.131011 -0.100306  -0.591669 -0.152893 -0.123236
2 -0.470105 -0.131011 -0.100306  -0.595256 -0.136685 -0.122751
2 -0.470105 -0.131011 -0.100306  -0.585978 -0.0912703 -0.131954
2 0.355189 -0.124808 -0.0762117  0.301956 -0.0780443 -0.117364
2 0.355189 -0.124808 -0.0762117  0.303773 -0.119285 -0.165666
2 0.355189 -0.124808 -0.0762117  0.296868 -0.105117 -0.15861
2 0.355189 -0.124808 -0.0762117  0.297345 -0.0898836 -0.146652
2 0.355189 -0.124808 -0.0762117  0.337817 -0.176156 -0.120148
2 0.355189 -0.124808 -0.0762117  0.348409 -0.147387 -0.0832858
2 0.355189 -0.124808 -0.0762117  0.343572 -0.163633 -0.0915795
2 0.355189 -0.124808 -0.0762117  0.320956 -0.0798057 -0.10495
2 0.233024 -0.140036 -0.696003  0.259426 -0.176276 -0.838352
2 0.233024 -0.140036 -0.696003  0.263435 -0.177938 -0.795867
2 0.233024 -0.140036 -0.696003  0.262737 -0.130124 -0.777784
2 0.233024 -0.140036 -0.696003  0.258636 -0.110139 -0.785622
2 -0.354515 -0.193558 -0.310062  -0.310303 -0.184392 -0.35127
2 -0.354515 -0.193558 -0.310062  -0.302935 -0.211944 -0.407168
2 -0.354515 -0.193558 -0.310062  -0.301457 -0.202456 -0.404632
2 -0.354515 -0.193558 -0.310062  -0.31388 -0.188079 -0.391017
2 -0.354515 -0.193558 -0.310062  -0.32704 -0.184805 -0.340977
2 -0.354515 -0.193558 -0.310062  -0.341574 -0.187632 -0.342324
2 -0.354515 -0.193558 -0.310062  -0.369825 -0.218851 -0.364505
2 -0.354515 -0.193558 -0.310062  -0.362673 -0.226922 -0.366238
2 -0.354515 -0.193558 -0.310062  -0.372982 -0.207617 -0.363199
2 -0.354515 -0.193558 -0.310062  -0.350287 -0.235168 -0.381724
2 -0.139003 -0.140205 -0.731287  -0.0742092 -0.0824026 -0.770877
2 -0.139003 -0.140205 -0.731287  -0.0566461 -0.106831 -0.793359
2 -0.139003 -0.140205 -0.731287  -0.102106 -0.106385 -0.751001
2 -0.373753 -0.195965 -0.32838  -0.353587 -0.183228 -0.397931
2 -0.373753 -0.195965 -0.32838  -0.366783 -0.185578 -0.393337
2 -0.373753 -0.195965 -0.32838  -0.317879 -0.194861 -0.4178
2 -0.373753 -0.195965 -0.32838  -0.396647 -0.226165 -0.41998
2 -0.373753 -0.195965 -0.32838  -0.368937 -0.231692 -0.391477
2 -0.39141 -0.198216 -0.345263  -0.404999 -0.214139 -0.41827
2 -0.39141 -0.198216 -0.345263  -0.359441 -0.183797 -0.432766
2 -0.39141 -0.198216 -0.345263  -0.343733 -0.188227 -0.438119
2 -0.39141 -0.198216 -0.345263  -0.356666 -0.23003 -0.455013
2 -0.39141 -0.198216 -0.345263  -0.394124 -0.233983 -0.440018
2 -0.39141 -0.198216 -0.345263  -0.375173 -0.236209 -0.440357
2 -0.39141 -0.198216 -0.345263  -0.351234 -0.194267 -0.459632
2 -0.39141 -0.198216 -0.345263  -0.403476 -0.190413 -0.431935
2 -0.39141 -0.198216 -0.345263  -0.408007 -0.201805 -0.42324
2 -0.269533 -0.167622 -0.218864  -0.243793 -0.233382 -0.207065
2 -0.422696 -0.201643 -0.373948  -0.467944 -0.216718 -0.498382
2 -0.422696 -0.201643 -0.373948  -0.468532 -0.204683 -0.498507
2 -0.422696 -0.201643 -0.373948  -0.428813 -0.222074 -0.53651
2 -0.338203 -0.190389 -0.292632  -0.341709 -0.213637 -0.30762
2 -0.338203 -0.190389 -0.292632  -0.337378 -0.20236 -0.300036
2 -0.338203 -0.190389 -0.292632  -0.275381 -0.213769 -0.362694
2 -0.338203 -0.190389 -0.292632  -0.338373 -0.231111 -0.337303
2 -0.338203 -0.190389 -0.292632  -0.339467 -0.22361 -0.317149
2 -0.338203 -0.190389 -0.292632  -0.323196 -0.235562 -0.370902
2 -0.338203 -0.190389 -0.292632  -0.296946 -0.221924 -0.387564
2 -0.338203 -0.190389 -0.292632  -0.281598 -0.188405 -0.336794
2 -0.338203 -0.190389 -0.292632  -0.282763 -0.205719 -0.37701
2 -0.338203 -0.190389 -0.292632  -0.283721 -0.196056 -0.365216
2 -0.338203 -0.190389 -0.292632  -0.339278 -0.192893 -0.320399
2 0.524165 -0.139263 -0.713084  0.527874 -0.177772 -0.584591
2 0.524165 -0.139263 -0.713084  0.517511 -0.158395 -0.57204
2 0.524165 -0.139263 -0.713084  0.509979 -0.140353 -0.57504
2 0.524165 -0.139263 -0.713084  0.545245 -0.127042 -0.608841
2 0.524165 -0.139263 -0.713084  0.547012 -0.151005 -0.608396
2 0.524165 -0.139263 -0.713084  0.548039 -0.175483 -0.594186
2 -0.0753972 -0.140593 -0.353124  -0.0713603 -0.168995 -0.298345
2 -0.0753972 -0.140593 -0.353124  -0.155877 -0.148343 -0.316394
2 -0.0753972 -0.140593 -0.353124  -0.154739 -0.135272 -0.30926
2 -0.0753972 -0.140593 -0.353124  -0.08611 -0.182432 -0.309159
2 -0.0753972 -0.140593 -0.353124  -0.09602 -0.0922797 -0.308521
2 -0.458776 -0.138597 -0.842512  -0.532458 -0.174065 -0.82634
2 -0.458776 -0.138597 -0.842512  -0.503767 -0.14741 -0.829398
2 -0.458776 -0.138597 -0.842512  -0.515427 -0.101426 -0.8419
2 -0.458776 -0.138597 -0.842512  -0.523957 -0.0977771 -0.844043
2 -0.458776 -0.138597 -0.842512  -0.552212 -0.143346 -0.828628
2 -0.458776 -0.138597 -0.842512  -0.551561 -0.125709 -0.833219
2 -0.458776 -0.138597 -0.842512  -0.544817 -0.109007 -0.838461
2 -0.458776 -0.138597 -0.842512  -0.503569 -0.154282 -0.843871
2 -0.458776 -0.138597 -0.842512  -0.509251 -0.167789 -0.847693
2 -0.458776 -0.138597 -0.842512  -0.504891 -0.121956 -0.818326
2 -0.458776 -0.138597 -0.842512  -0.503173 -0.13849 -0.816168
2 -0.458776 -0.138597 -0.842512  -0.518969 -0.172021 -0.814289
2 -0.458776 -0.138597 -0.842512  -0.508303 -0.159471 -0.812047
2 -0.458776 -0.138597 -0.842512  -0.50526 -0.148641 -0.814182
2 -0.458776 -0.138597 -0.842512  -0.523163 -0.101878 -0.813837
2 -0.458776 -0.138597 -0.842512  -0.513245 -0.107773 -0.814647
2 0.612512 -0.12702 0.301947  0.608833 -0.128905 0.415632
2 0.612512 -0.12702 0.301947  0.573962 -0.10787 0.346383
2 0.612512 -0.12702 0.301947  0.579201 -0.0969437 0.358697
2 0.612512 -0.12702 0.301947  0.59847 -0.14298 0.41517
2 0.612512 -0.12702 0.301947  0.585918 -0.160338 0.398152
2 0.612512 -0.12702 0.301947  0.579762 -0.163185 0.383976
2 0.612512 -0.12702 0.301947  0.576766 -0.160163 0.366971
2 -0.560237 -0.208849 -0.479377  -0.589075 -0.199157 -0.597214
2 -0.560237 -0.208849 -0.479377  -0.596421 -0.213154 -0.599313
2 -0.560237 -0.208849 -0.479377  -0.572882 -0.229376 -0.539011
2 -0.560237 -0.208849 -0.479377  -0.572229 -0.235883 -0.552309
2 0.686669 -0.126881 0.211094  0.682662 -0.148314 0.251244
2 0.686669 -0.126881 0.211094  0.727585 -0.141211 0.311165
2 0.686669 -0.126881 0.211094  0.72544 -0.10032 0.307093
2 0.686669 -0.126881 0.211094  0.717606 -0.0769735 0.283605
2 0.686669 -0.126881 0.211094  0.696921 -0.0751725 0.288812
2 0.686669 -0.126881 0.211094  0.685645 -0.0939507 0.257714
2 0.686669 -0.126881 0.211094  0.709225 -0.170713 0.314238
2 -0.288602 -0.174678 -0.239318  -0.293111 -0.222799 -0.215255
2 -0.288602 -0.174678 -0.239318  -0.293895 -0.195188 -0.213865
2 -0.288602 -0.174678 -0.239318  -0.302144 -0.21503 -0.222787
2 -0.288602 -0.174678 -0.239318  -0.29897 -0.205764 -0.211775
2 -0.288602 -0.174678 -0.239318  -0.281645 -0.23007 -0.218118
2 -0.288602 -0.174678 -0.239318  -0.224253 -0.223239 -0.252898
2 -0.288602 -0.174678 -0.239318  -0.218272 -0.214121 -0.254933
2 -0.358102 -0.139179 -0.931402  -0.431828 -0.105888 -0.982
2 -0.358102 -0.139179 -0.931402  -0.432967 -0.127546 -0.98641
2 -0.358102 -0.139179 -0.931402  -0.429327 -0.091274 -0.972302
2 -0.358102 -0.139179 -0.931402  -0.427225 -0.0848232 -0.956492
2 -0.358102 -0.139179 -0.931402  -0.409296 -0.175145 -0.934137
2 -0.358102 -0.139179 -0.931402  -0.414921 -0.185887 -0.939871
2 -0.358102 -0.139179 -0.931402  -0.407434 -0.131436 -0.926173
2 -0.358102 -0.139179 -0.931402  -0.413691 -0.106817 -0.930433
2 -0.255553 -0.126404 -0.468653  -0.328251 -0.127108 -0.486096
2 -0.255553 -0.126404 -0.468653  -0.335279 -0.122327 -0.497753
2 -0.255553 -0.126404 -0.468653  -0.339106 -0.120115 -0.487686
2 0.240329 -0.183551 -0.232308  0.146893 -0.198467 -0.239162
2 0.240329 -0.183551 -0.232308  0.151489 -0.22626 -0.229266
2 0.688362 -0.126893 0.197057  0.744695 -0.137935 0.271747
2 0.688362 -0.126893 0.197057  0.742819 -0.153684 0.265975
2 0.688362 -0.126893 0.197057  0.74453 -0.102356 0.255035
2 0.688362 -0.126893 0.197057  0.685989 -0.131495 0.239269
2 0.688362 -0.126893 0.197057  0.686924 -0.111878 0.242759
2 0.688362 -0.126893 0.197057  0.704994 -0.0800103 0.240391
2 0.688362 -0.126893 0.197057  0.693175 -0.1617 0.238811
2 0.688362 -0.126893 0.197057  0.693709 -0.142018 0.220851
2 0.688362 -0.126893 0.197057  0.729334 -0.0875393 0.282181
2 0.688362 -0.126893 0.197057  0.737075 -0.120596 0.2901
2 0.688362 -0.126893 0.197057  0.704106 -0.1782 0.27365
2 0.688362 -0.126893 0.197057  0.715357 -0.177393 0.274038
2 0.688362 -0.126893 0.197057  0.729411 -0.172328 0.265808
2 0.688362 -0.126893 0.197057  0.726929 -0.161559 0.296768
2 0.249516 -0.120832 0.422784  0.314036 -0.17856 0.369696
2 0.249516 -0.120832 0.422784  0.280235 -0.156262 0.359344
2 0.249516 -0.120832 0.422784  0.293816 -0.0794172 0.360059
2 0.249516 -0.120832 0.422784  0.274517 -0.117337 0.361398
2 0.279111 -0.19583 -0.260622  0.182909 -0.196833 -0.285335
2 0.279111 -0.19583 -0.260622  0.176968 -0.207554 -0.285906
2 0.279111 -0.19583 -0.260622  0.190543 -0.226033 -0.300963
2 0.279111 -0.19583 -0.260622  0.247281 -0.23782 -0.294038
2 0.279111 -0.19583 -0.260622  0.253712 -0.224277 -0.261447
2 0.279111 -0.19583 -0.260622  0.218595 -0.19101 -0.240861
2 0.279111 -0.19583 -0.260622  0.233644 -0.201691 -0.239728
2 -0.0855928 -0.140993 -0.517962  -0.129907 -0.161628 -0.499429
2 -0.0855928 -0.140993 -0.517962  -0.125372 -0.115274 -0.503415
2 -0.0855928 -0.140993 -0.517962  -0.0553735 -0.0932751 -0.514918
2 -0.0855928 -0.140993 -0.517962  -0.0676959 -0.0893479 -0.524895
2 -0.0855928 -0.140993 -0.517962  -0.0423048 -0.100615 -0.523277
2 -0.0855928 -0.140993 -0.517962  -0.0304045 -0.113046 -0.529377
2 -0.0855928 -0.140993 -0.517962  -0.11087 -0.173358 -0.535986
2 -0.0855928 -0.140993 -0.517962  -0.107883 -0.0997376 -0.512179
2 -0.0855928 -0.140993 -0.517962  -0.119531 -0.125673 -0.543596
2 -0.0855928 -0.140993 -0.517962  -0.127275 -0.144479 -0.52395
2 -0.0855928 -0.140993 -0.517962  -0.048045 -0.175911 -0.502511
2 -0.0855928 -0.140993 -0.517962  -0.110993 -0.181261 -0.507007
2 -0.0855928 -0.140993 -0.517962  -0.0942548 -0.187359 -0.507327
2 -0.0855928 -0.140993 -0.517962  -0.0598726 -0.184792 -0.511192
2 -0.0855928 -0.140993 -0.517962  -0.0279873 -0.15088 -0.516902
2 -0.0855928 -0.140993 -0.517962  -0.0662117 -0.188595 -0.534719
2 -0.0855928 -0.140993 -0.517962  -0.0323926 -0.169121 -0.533309
2 -0.213208 -0.139698 -0.855703  -0.166485 -0.0847943 -0.909173
2 -0.213208 -0.139698 -0.855703  -0.18639 -0.0803995 -0.888803
2 -0.213208 -0.139698 -0.855703  -0.156996 -0.116983 -0.922133
2 -0.213208 -0.139698 -0.855703  -0.164649 -0.158987 -0.928429
2 -0.213208 -0.139698 -0.855703  -0.184073 -0.190196 -0.924751
2 0.407917 -0.208205 -0.304004  0.381149 -0.195651 -0.440802
2 0.407917 -0.208205 -0.304004  0.375832 -0.230596 -0.429649
2 0.407917 -0.208205 -0.304004  0.374027 -0.213447 -0.444054
2 0.407917 -0.208205 -0.304004  0.367563 -0.205398 -0.444819
2 0.407917 -0.208205 -0.304004  0.400084 -0.187642 -0.373426
2 0.684807 -0.139773 -0.709008  0.685793 -0.129485 -0.731677
2 0.684807 -0.139773 -0.709008  0.682974 -0.151273 -0.735208
2 0.684807 -0.139773 -0.709008  0.695201 -0.154633 -0.740169
2 0.684807 -0.139773 -0.709008  0.695924 -0.149349 -0.754135
2 0.684807 -0.139773 -0.709008  0.704445 -0.140909 -0.751125
2 -0.284287 -0.130688 0.717614  -0.291316 -0.156279 0.799566
2 -0.284287 -0.130688 0.717614  -0.301698 -0.130842 0.830843
2 -0.284287 -0.130688 0.717614  -0.296979 -0.1119 0.829157
2 -0.284287 -0.130688 0.717614  -0.302198 -0.0960663 0.819639
2 0.593008 -0.127078 0.305901  0.543389 -0.153224 0.392829
2 0.593008 -0.127078 0.305901  0.547639 -0.155828 0.377827
2 0.593008 -0.127078 0.305901  0.544624 -0.149348 0.362715
2 0.593008 -0.127078 0.305901  0.556792 -0.138019 0.34857
2 0.593008 -0.127078 0.305901  0.569439 -0.14784 0.410085
2 0.593008 -0.127078 0.305901  0.579098 -0.131753 0.417704
2 0.593008 -0.127078 0.305901  0.563902 -0.117734 0.415639
2 0.593008 -0.127078 0.305901  0.543008 -0.133117 0.412967
2 0.593008 -0.127078 0.305901  0.591532 -0.10162 0.408714
2 0.593008 -0.127078 0.305901  0.597519 -0.114689 0.415139
2 0.593008 -0.127078 0.305901  0.587218 -0.0933199 0.396956
2 0.593008 -0.127078 0.305901  0.582668 -0.0911158 0.38382
2 0.244055 -0.139993 -0.703763  0.26024 -0.0989437 -0.798691
2 0.244055 -0.139993 -0.703763  0.269944 -0.137942 -0.854996
2 0.244055 -0.139993 -0.703763  0.267128 -0.11542 -0.847327
2 0.244055 -0.139993 -0.703763  0.273687 -0.159211 -0.853482
2 0.244055 -0.139993 -0.703763  0.279218 -0.0948727 -0.828899
2 0.244055 -0.139993 -0.703763  0.281776 -0.185723 -0.815253
2 -0.0814037 -0.141095 -0.452038  -0.146054 -0.135419 -0.42611
2 -0.0814037 -0.141095 -0.452038  -0.0689106 -0.173617 -0.388372
2 -0.0814037 -0.141095 -0.452038  -0.0795672 -0.182381 -0.406737
2 -0.0814037 -0.141095 -0.452038  -0.0978406 -0.186968 -0.40788
2 -0.0814037 -0.141095 -0.452038  -0.120605 -0.18529 -0.412486
2 -0.0814037 -0.141095 -0.452038  -0.0732999 -0.10079 -0.390473
2 -0.0814037 -0.141095 -0.452038  -0.0609312 -0.120108 -0.380123
2 0.420153 -0.208827 -0.306421  0.408208 -0.236807 -0.410753
2 0.420153 -0.208827 -0.306421  0.418645 -0.233688 -0.426333
2 0.420153 -0.208827 -0.306421  0.407761 -0.208245 -0.445816
2 0.420153 -0.208827 -0.306421  0.407807 -0.226872 -0.438434
2 0.420153 -0.208827 -0.306421  0.399099 -0.21891 -0.443478
2 0.420153 -0.208827 -0.306421  0.417619 -0.196218 -0.368525
2 0.420153 -0.208827 -0.306421  0.416765 -0.207032 -0.366785
2 0.420153 -0.208827 -0.306421  0.411187 -0.182101 -0.390802
2 0.265058 -0.117524 -0.0516412  0.288182 -0.140396 -0.0457032
2 0.265058 -0.117524 -0.0516412  0.246975 -0.164778 -0.0979644
2 0.265058 -0.117524 -0.0516412  0.270836 -0.165989 -0.0498298
2 0.265058 -0.117524 -0.0516412  0.239314 -0.118904 -0.120868
2 0.265058 -0.117524 -0.0516412  0.239779 -0.0875839 -0.101095
2 0.265058 -0.117524 -0.0516412  0.234529 -0.0980284 -0.111797
2 0.265058 -0.117524 -0.0516412  0.263943 -0.173368 -0.0963297
2 -0.331724 -0.189089 -0.285644  -0.288635 -0.233118 -0.336816
2 -0.331724 -0.189089 -0.285644  -0.278786 -0.228144 -0.342632
2 -0.331724 -0.189089 -0.285644  -0.265751 -0.221395 -0.33731
2 -0.331724 -0.189089 -0.285644  -0.255613 -0.204569 -0.325974
2 -0.331724 -0.189089 -0.285644  -0.312341 -0.188255 -0.291412
2 -0.245787 -0.129233 0.723627  -0.255171 -0.147664 0.795791
2 -0.245787 -0.129233 0.723627  -0.255968 -0.133472 0.793084
2 -0.245787 -0.129233 0.723627  -0.229407 -0.108038 0.811151
2 -0.245787 -0.129233 0.723627  -0.226885 -0.121751 0.820278
2 -0.245787 -0.129233 0.723627  -0.230527 -0.149212 0.810999
2 -0.245787 -0.129233 0.723627  -0.22596 -0.139157 0.820931
2 -0.245787 -0.129233 0.723627  -0.235907 -0.151258 0.798824
2 0.597816 -0.212152 -0.313897  0.696095 -0.202165 -0.212793
2 0.597816 -0.212152 -0.313897  0.688817 -0.192026 -0.221256
2 0.597816 -0.212152 -0.313897  0.689211 -0.21662 -0.267011
2 0.597816 -0.212152 -0.313897  0.676504 -0.187861 -0.25925
2 0.597816 -0.212152 -0.313897  0.677467 -0.212623 -0.214198
2 0.597816 -0.212152 -0.313897  0.670031 -0.199576 -0.214169
2 -0.218551 -0.139676 -0.860375  -0.22602 -0.136638 -0.875949
2 -0.218551 -0.139676 -0.860375  -0.252764 -0.153055 -0.892651
2 -0.218551 -0.139676 -0.860375  -0.224024 -0.198367 -0.926348
2 -0.218551 -0.139676 -0.860375  -0.238678 -0.196088 -0.921825
2 -0.218551 -0.139676 -0.860375  -0.245389 -0.189425 -0.911007
2 -0.218551 -0.139676 -0.860375  -0.24778 -0.182626 -0.903332
2 -0.218551 -0.139676 -0.860375  -0.250895 -0.171274 -0.897566
2 -0.218551 -0.139676 -0.860375  -0.18289 -0.138351 -0.942432
2 -0.218551 -0.139676 -0.860375  -0.187076 -0.175596 -0.937565
2 -0.218551 -0.139676 -0.860375  -0.201916 -0.0794809 -0.9181
2 -0.218551 -0.139676 -0.860375  -0.185096 -0.0966593 -0.933719
2 -0.627509 -0.209303 -0.284287  -0.580816 -0.190988 -0.289272
2 -0.627509 -0.209303 -0.284287  -0.570326 -0.192285 -0.270498
2 -0.627509 -0.209303 -0.284287  -0.571601 -0.216146 -0.254881
2 -0.627509 -0.209303 -0.284287  -0.578407 -0.231486 -0.282143
2 -0.627509 -0.209303 -0.284287  -0.573163 -0.228356 -0.265557
2 -0.627509 -0.209303 -0.284287  -0.554399 -0.205314 -0.277753
2 -0.264707 -0.127116 -0.37623  -0.221336 -0.118381 -0.381609
2 -0.264707 -0.127116 -0.37623  -0.209028 -0.111533 -0.380301
2 -0.264707 -0.127116 -0.37623  -0.186169 -0.125234 -0.375774
2 -0.264707 -0.127116 -0.37623  -0.186214 -0.13427 -0.36349
2 0.659595 -0.211222 -0.305283  0.747246 -0.184158 -0.270227
2 0.659595 -0.211222 -0.305283  0.734937 -0.224048 -0.281295
2 0.659595 -0.211222 -0.305283  0.733525 -0.196007 -0.280333
2 0.659595 -0.211222 -0.305283  0.734071 -0.209197 -0.286136
2 0.256924 -0.128446 0.568183  0.218251 -0.127824 0.573092
2 0.256924 -0.128446 0.568183  0.216285 -0.146139 0.570603
2 0.256924 -0.128446 0.568183  0.20069 -0.160919 0.580962
2 0.256924 -0.128446 0.568183  0.164611 -0.123979 0.581165
2 0.256924 -0.128446 0.568183  0.165531 -0.14847 0.579519
2 0.256924 -0.128446 0.568183  0.171207 -0.152944 0.586763
2 0.256924 -0.128446 0.568183  0.205634 -0.0926627 0.564764
2 0.256924 -0.128446 0.568183  0.21855 -0.107348 0.563817
2 0.256924 -0.128446 0.568183  0.19081 -0.0895244 0.571286
2 0.256924 -0.128446 0.568183  0.168415 -0.139173 0.56825
2 0.256924 -0.128446 0.568183  0.173565 -0.106837 0.570161
2 0.256924 -0.128446 0.568183  0.194141 -0.0924063 0.591116
2 0.256924 -0.128446 0.568183  0.211642 -0.11553 0.592041
2 0.256924 -0.128446 0.568183  0.206546 -0.150593 0.590134
2 -0.463312 -0.131099 -0.0457224  -0.575009 -0.105417 -0.0609541
2 -0.463312 -0.131099 -0.0457224  -0.5764 -0.122795 -0.0499137
2 -0.463312 -0.131099 -0.0457224  -0.554365 -0.0812299 -0.0733256
2 -0.463312 -0.131099 -0.0457224  -0.482919 -0.0907696 -0.0970483
2 -0.463312 -0.131099 -0.0457224  -0.464415 -0.138265 -0.0903171
2 -0.463312 -0.131099 -0.0457224  -0.467059 -0.113812 -0.0929394
2 -0.463312 -0.131099 -0.0457224  -0.471717 -0.0982703 -0.089021
2 -0.463312 -0.131099 -0.0457224  -0.485793 -0.0837116 -0.0845955
2 -0.463312 -0.131099 -0.0457224  -0.531314 -0.0748936 -0.0889528
2 -0.463312 -0.131099 -0.0457224  -0.504079 -0.0809182 -0.107717
2 -0.463312 -0.131099 -0.0457224  -0.518188 -0.0770608 -0.111233
2 -0.463312 -0.131099 -0.0457224  -0.554876 -0.163339 -0.0445484
2 -0.463312 -0.131099 -0.0457224  -0.487459 -0.0786078 -0.0641326
2 -0.463312 -0.131099 -0.0457224  -0.465386 -0.0904061 -0.0687018
2 -0.463312 -0.131099 -0.0457224  -0.496156 -0.175729 -0.0621279
2 -0.463312 -0.131099 -0.0457224  -0.478309 -0.168989 -0.0724143
2 -0.463312 -0.131099 -0.0457224  -0.542233 -0.17291 -0.0572249
2 -0.463312 -0.131099 -0.0457224  -0.579878 -0.138506 -0.0599136
2 0.384032 -0.139525 -0.741613  0.368368 -0.184292 -0.820192
2 0.384032 -0.139525 -0.741613  0.360358 -0.173671 -0.808169
2 0.384032 -0.139525 -0.741613  0.378344 -0.187906 -0.832391
2 0.384032 -0.139525 -0.741613  0.396573 -0.180638 -0.847208
2 0.384032 -0.139525 -0.741613  0.33928 -0.114615 -0.799853
2 0.384032 -0.139525 -0.741613  0.352561 -0.0912234 -0.829032
2 0.384032 -0.139525 -0.741613  0.3543 -0.100213 -0.854038
2 0.384032 -0.139525 -0.741613  0.351955 -0.112104 -0.864409
2 0.384032 -0.139525 -0.741613  0.369886 -0.124864 -0.868884
2 -0.245561 -0.158762 -0.193414  -0.241383 -0.176016 -0.213764
2 -0.245561 -0.158762 -0.193414  -0.259502 -0.175959 -0.208536
2 0.224985 -0.1077 0.384232  0.339053 -0.0813099 0.348376
2 0.224985 -0.1077 0.384232  0.313784 -0.176979 0.318406
2 0.224985 -0.1077 0.384232  0.33302 -0.166559 0.315304
2 0.224985 -0.1077 0.384232  0.34567 -0.148121 0.316563
2 0.224985 -0.1077 0.384232  0.353354 -0.125205 0.323612
2 0.224985 -0.1077 0.384232  0.350407 -0.10368 0.326406
2 0.224985 -0.1077 0.384232  0.33729 -0.0875198 0.32351
2 0.371584 -0.139566 -0.738825  0.348123 -0.176524 -0.85711
2 0.371584 -0.139566 -0.738825  0.352317 -0.16073 -0.867366
2 0.371584 -0.139566 -0.738825  0.343401 -0.142899 -0.869731
2 0.255412 -0.125151 0.479735  0.308657 -0.101202 0.441984
2 0.255412 -0.125151 0.479735  0.317238 -0.118162 0.435203
2 0.255412 -0.125151 0.479735  0.294432 -0.176625 0.423873
2 0.255412 -0.125151 0.479735  0.270913 -0.165513 0.423915
2 0.255412 -0.125151 0.479735  0.306705 -0.157111 0.440103
2 0.255412 -0.125151 0.479735  0.313578 -0.137206 0.44002
2 0.255412 -0.125151 0.479735  0.274359 -0.0807335 0.447342
2 0.255412 -0.125151 0.479735  0.254928 -0.0921698 0.443226
2 0.255412 -0.125151 0.479735  0.262555 -0.0843641 0.443373
2 0.255412 -0.125151 0.479735  0.295867 -0.126835 0.46553
2 0.255412 -0.125151 0.479735  0.285184 -0.100567 0.471768
2 0.255412 -0.125151 0.479735  0.293048 -0.112795 0.466811
2 0.255412 -0.125151 0.479735  0.291758 -0.0906212 0.456334
2 0.255412 -0.125151 0.479735  0.248817 -0.137725 0.44012
2 0.255412 -0.125151 0.479735  0.258562 -0.103173 0.428708
2 0.255412 -0.125151 0.479735  0.304302 -0.0821051 0.428163
2 0.255412 -0.125151 0.479735  0.316595 -0.0906929 0.425225
2 0.515691 -0.211985 -0.317518  0.506758 -0.218403 -0.325157
2 0.515691 -0.211985 -0.317518  0.517981 -0.193535 -0.319631
2 0.515691 -0.211985 -0.317518  0.519135 -0.200543 -0.311229
2 0.515691 -0.211985 -0.317518  0.506811 -0.208613 -0.321254
2 0.515691 -0.211985 -0.317518  0.522815 -0.186856 -0.327185
2 0.515691 -0.211985 -0.317518  0.53439 -0.18314 -0.329797
2 0.515691 -0.211985 -0.317518  0.552829 -0.188736 -0.360602
2 0.515691 -0.211985 -0.317518  0.544853 -0.183951 -0.356448
2 0.526072 -0.128464 -0.0629652  0.553962 -0.101696 -0.167419
2 0.526072 -0.128464 -0.0629652  0.551474 -0.118606 -0.173085
2 0.526072 -0.128464 -0.0629652  0.554025 -0.157491 -0.165387
2 0.526072 -0.128464 -0.0629652  0.534926 -0.178192 -0.127971
2 0.526072 -0.128464 -0.0629652  0.53014 -0.172545 -0.111007
2 0.526072 -0.128464 -0.0629652  0.52058 -0.104149 -0.0964139
2 0.526072 -0.128464 -0.0629652  0.511489 -0.121382 -0.0939814
2 0.526072 -0.128464 -0.0629652  0.517423 -0.141692 -0.0929341
2 0.526072 -0.128464 -0.0629652  0.526727 -0.07853 -0.159213
2 0.526072 -0.128464 -0.0629652  0.524744 -0.0797993 -0.114674
2 0.526072 -0.128464 -0.0629652  0.538086 -0.075344 -0.146123
2 0.526072 -0.128464 -0.0629652  0.557313 -0.17536 -0.144697
2 0.526072 -0.128464 -0.0629652  0.549395 -0.0746292 -0.12645
2 0.526072 -0.128464 -0.0629652  0.564249 -0.085455 -0.152354
2 0.526072 -0.128464 -0.0629652  0.566691 -0.134339 -0.168626
2 0.526072 -0.128464 -0.0629652  0.572495 -0.115898 -0.166619
2 0.526072 -0.128464 -0.0629652  0.538247 -0.159875 -0.0935382
2 0.526072 -0.128464 -0.0629652  0.545801 -0.11653 -0.0842737
2 0.651003 -0.127333 0.0600248  0.71014 -0.175119 0.0452421
2 -0.365406 -0.194901 -0.320398  -0.319506 -0.230415 -0.400654
2 -0.365406 -0.194901 -0.320398  -0.365684 -0.189885 -0.372562
2 -0.365406 -0.194901 -0.320398  -0.37226 -0.19685 -0.369198
2 -0.338399 -0.127837 -0.314569  -0.229467 -0.102667 -0.284035
2 -0.338399 -0.127837 -0.314569  -0.222732 -0.131124 -0.260995
2 0.718122 -0.210059 -0.295595  0.763721 -0.228351 -0.295928
2 -0.231075 -0.139626 -0.871305  -0.221328 -0.0852768 -0.943909
2 -0.231075 -0.139626 -0.871305  -0.21246 -0.115703 -0.956545
2 -0.231075 -0.139626 -0.871305  -0.250431 -0.116746 -0.893182
2 -0.231075 -0.139626 -0.871305  -0.247876 -0.0988651 -0.899531
2 -0.231075 -0.139626 -0.871305  -0.243262 -0.0848943 -0.911628
2 -0.231075 -0.139626 -0.871305  -0.236812 -0.0791963 -0.924139
2 -0.231075 -0.139626 -0.871305  -0.215013 -0.185046 -0.947865
2 -0.231075 -0.139626 -0.871305  -0.195257 -0.158491 -0.948416
2 0.299731 -0.120545 -0.0612202  0.283686 -0.174682 -0.0880119
2 0.299731 -0.120545 -0.0612202  0.308662 -0.120967 -0.0595031
2 -0.319091 -0.111849 0.0658382  -0.389736 -0.172712 0.0118477
2 -0.319091 -0.111849 0.0658382  -0.3673 -0.0945428 0.0086913
2 -0.319091 -0.111849 0.0658382  -0.359044 -0.13511 -0.0119988
2 -0.319091 -0.111849 0.0658382  -0.440079 -0.1171 0.103138
2 -0.319091 -0.111849 0.0658382  -0.424581 -0.0847291 0.0917648
2 -0.46341 -0.138222 -0.734792  -0.474766 -0.153504 -0.64823
2 -0.46341 -0.138222 -0.734792  -0.47884 -0.139377 -0.642665
2 -0.46341 -0.138222 -0.734792  -0.465328 -0.113459 -0.674111
2 -0.46341 -0.138222 -0.734792  -0.46878 -0.127018 -0.694284
2 -0.46341 -0.138222 -0.734792  -0.470073 -0.117741 -0.688175
2 -0.46341 -0.138222 -0.734792  -0.456367 -0.14157 -0.687051
2 -0.46341 -0.138222 -0.734792  -0.459084 -0.164091 -0.674896
2 -0.46341 -0.138222 -0.734792  -0.495955 -0.143754 -0.656465
2 -0.46341 -0.138222 -0.734792  -0.495194 -0.128455 -0.660769
2 -0.158941 -0.135848 -0.149418  -0.182358 -0.188679 -0.187218
2 -0.158941 -0.135848 -0.149418  -0.205428 -0.172269 -0.192278
2 -0.158941 -0.135848 -0.149418  -0.17237 -0.221636 -0.169579
2 -0.158941 -0.135848 -0.149418  -0.172132 -0.210478 -0.18083
2 -0.158941 -0.135848 -0.149418  -0.138395 -0.222593 -0.139724
2 -0.352679 -0.120135 0.424101  -0.336482 -0.140217 0.410291
2 -0.352679 -0.120135 0.424101  -0.336984 -0.10663 0.406064
2 -0.352679 -0.120135 0.424101  -0.39432 -0.162877 0.318975
2 -0.352679 -0.120135 0.424101  -0.415723 -0.130128 0.337257
2 -0.352679 -0.120135 0.424101  -0.390171 -0.171997 0.337467
2 -0.352679 -0.120135 0.424101  -0.353485 -0.174689 0.377257
2 -0.352679 -0.120135 0.424101  -0.364272 -0.178947 0.359158
2 -0.352679 -0.120135 0.424101  -0.331022 -0.154985 0.392506
2 -0.352679 -0.120135 0.424101  -0.393694 -0.0864459 0.346325
2 0.244412 -0.118099 0.414557  0.326903 -0.0765922 0.365695
2 0.244412 -0.118099 0.414557  0.300399 -0.175818 0.366162
2 0.244412 -0.118099 0.414557  0.282034 -0.090518 0.351934
2 0.244412 -0.118099 0.414557  0.29815 -0.17767 0.333163
2 0.244412 -0.118099 0.414557  0.2735 -0.140465 0.353994
2 0.244412 -0.118099 0.414557  0.286191 -0.169361 0.346748
2 0.141714 -0.0673078 0.270462  0.24014 -0.0744222 0.220942
2 0.141714 -0.0673078 0.270462  0.198429 -0.146198 0.281974
2 0.141714 -0.0673078 0.270462  0.208747 -0.0854158 0.278204
2 0.0412161 -0.139261 -0.35803  0.0120289 -0.098061 -0.286394
2 -0.189665 -0.139823 -0.825883  -0.20186 -0.193207 -0.890732
2 -0.189665 -0.139823 -0.825883  -0.208302 -0.182096 -0.879068
2 -0.189665 -0.139823 -0.825883  -0.134028 -0.159911 -0.903714
2 -0.189665 -0.139823 -0.825883  -0.151034 -0.0796836 -0.882225
2 -0.189665 -0.139823 -0.825883  -0.138938 -0.0961265 -0.900244
2 -0.189665 -0.139823 -0.825883  -0.193019 -0.0910631 -0.870776
2 -0.189665 -0.139823 -0.825883  -0.187566 -0.151333 -0.848748
2 -0.189665 -0.139823 -0.825883  -0.18983 -0.13117 -0.850027
2 -0.189665 -0.139823 -0.825883  -0.14956 -0.19263 -0.897997
2 -0.189665 -0.139823 -0.825883  -0.153495 -0.178899 -0.9121
2 -0.189665 -0.139823 -0.825883  -0.150473 -0.140745 -0.920707
2 -0.468275 -0.130375 -0.166043  -0.578252 -0.121807 -0.21422
2 -0.468275 -0.130375 -0.166043  -0.534315 -0.179595 -0.191049
2 -0.468275 -0.130375 -0.166043  -0.556448 -0.17476 -0.201758
2 -0.468275 -0.130375 -0.166043  -0.505972 -0.16299 -0.170956
2 -0.468275 -0.130375 -0.166043  -0.49952 -0.117181 -0.17812
2 -0.468275 -0.130375 -0.166043  -0.552009 -0.0788144 -0.205788
2 -0.468275 -0.130375 -0.166043  -0.5631 -0.0891752 -0.214334
2 0.073898 -0.140215 -0.464476  0.0721829 -0.115038 -0.393341
2 0.073898 -0.140215 -0.464476  0.0610708 -0.100841 -0.386643
2 0.073898 -0.140215 -0.464476  0.0761706 -0.158748 -0.401148
2 0.073898 -0.140215 -0.464476  0.0416648 -0.092562 -0.394036
2 0.073898 -0.140215 -0.464476  0.0292376 -0.0953253 -0.394494
2 0.073898 -0.140215 -0.464476  0.0530543 -0.0945449 -0.40105
2 0.073898 -0.140215 -0.464476  0.00149122 -0.132266 -0.369131
2 0.073898 -0.140215 -0.464476  0.0283953 -0.18274 -0.373065
2 0.073898 -0.140215 -0.464476  0.0054142 -0.116022 -0.358873
2 0.073898 -0.140215 -0.464476  0.000115065 -0.148674 -0.35181
2 0.073898 -0.140215 -0.464476  0.0168312 -0.174914 -0.387872
2 0.073898 -0.140215 -0.464476  0.00676128 -0.159483 -0.389212
2 0.622888 -0.12761 0.0160471  0.709151 -0.122833 -0.0328819
2 0.622888 -0.12761 0.0160471  0.70319 -0.1417 -0.0422799
2 0.622888 -0.12761 0.0160471  0.699222 -0.159961 -0.0331851
2 0.622888 -0.12761 0.0160471  0.688025 -0.177192 -0.00201841
2 0.622888 -0.12761 0.0160471  0.660784 -0.147152 0.0142499
2 0.622888 -0.12761 0.0160471  0.660454 -0.163559 0.0016703
2 0.622888 -0.12761 0.0160471  0.691171 -0.0868721 -0.0363355
2 0.622888 -0.12761 0.0160471  0.702168 -0.101377 -0.0351984
2 0.622888 -0.12761 0.0160471  0.651949 -0.105951 0.00190169
2 0.622888 -0.12761 0.0160471  0.66006 -0.0894469 0.000710126
2 -0.469013 -0.130592 -0.14394  -0.586896 -0.137702 -0.186844
2 -0.469013 -0.130592 -0.14394  -0.575335 -0.161734 -0.187252
2 -0.469013 -0.130592 -0.14394  -0.588484 -0.113212 -0.181233
2 -0.322846 -0.107124 0.367634  -0.337047 -0.182892 0.329746
2 -0.322846 -0.107124 0.367634  -0.362397 -0.170993 0.276461
2 0.649236 -0.211411 -0.30691  0.752541 -0.191741 -0.243669
2 0.649236 -0.211411 -0.30691  0.756101 -0.219258 -0.238048
2 0.649236 -0.211411 -0.30691  0.759552 -0.204019 -0.238323
2 -0.0833364 -0.14105 -0.485125  -0.0428153 -0.14819 -0.448625
2 -0.0833364 -0.14105 -0.485125  -0.0379322 -0.134007 -0.469381
2 -0.0833364 -0.14105 -0.485125  -0.0558231 -0.170729 -0.446172
2 -0.0833364 -0.14105 -0.485125  -0.0491968 -0.158646 -0.434145
2 -0.0833364 -0.14105 -0.485125  -0.0783682 -0.184795 -0.441555
2 -0.0833364 -0.14105 -0.485125  -0.0688603 -0.179252 -0.432582
2 -0.0833364 -0.14105 -0.485125  -0.0946881 -0.0909586 -0.488824
2 -0.555258 -0.208666 -0.475843  -0.561142 -0.203953 -0.530057
2 -0.555258 -0.208666 -0.475843  -0.561585 -0.217092 -0.530416
2 -0.538996 -0.208063 -0.464107  -0.555662 -0.211361 -0.599449
2 -0.538996 -0.208063 -0.464107  -0.578042 -0.231945 -0.583737
2 -0.538996 -0.208063 -0.464107  -0.576813 -0.222154 -0.597451
2 -0.538996 -0.208063 -0.464107  -0.570821 -0.188828 -0.590672
2 0.690871 -0.210599 -0.300096  0.75149 -0.189342 -0.288186
2 0.0504 -0.139577 -0.388885  0.0515447 -0.178544 -0.317417
2 0.65828 -0.127261 0.0724272  0.739687 -0.151054 0.0326268
2 0.65828 -0.127261 0.0724272  0.686364 -0.0965792 0.0537042
2 0.65828 -0.127261 0.0724272  0.700401 -0.0796363 0.0402037
2 0.65828 -0.127261 0.0724272  0.712247 -0.0782651 0.0369533
2 0.65828 -0.127261 0.0724272  0.680843 -0.123467 0.0554732
2 0.65828 -0.127261 0.0724272  0.735199 -0.13331 0.017686
2 0.65828 -0.127261 0.0724272  0.730884 -0.110669 0.0143675
2 0.65828 -0.127261 0.0724272  0.724298 -0.0913668 0.0180601
2 0.65828 -0.127261 0.0724272  0.698451 -0.165044 0.0601157
2 0.65828 -0.127261 0.0724272  0.74524 -0.0901497 0.0709889
2 0.65828 -0.127261 0.0724272  0.751838 -0.122671 0.0622019
2 0.65828 -0.127261 0.0724272  0.748487 -0.103245 0.0617579
2 0.65828 -0.127261 0.0724272  0.752266 -0.144075 0.0670895
2 0.65828 -0.127261 0.0724272  0.705317 -0.0830066 0.0704602
2 0.65828 -0.127261 0.0724272  0.699125 -0.0924042 0.0785598
2 0.65828 -0.127261 0.0724272  0.691297 -0.109887 0.0771328
2 0.65828 -0.127261 0.0724272  0.719239 -0.0782319 0.0812576
2 0.65828 -0.127261 0.0724272  0.72437 -0.077216 0.0662041
2 0.65828 -0.127261 0.0724272  0.730431 -0.0811714 0.0576052
2 0.65828 -0.127261 0.0724272  0.715657 -0.0774188 0.0570217
2 0.65828 -0.127261 0.0724272  0.74327 -0.163194 0.0629815
2 -0.317775 -0.104898 0.358527  -0.388109 -0.109239 0.282706
2 -0.317775 -0.104898 0.358527  -0.381984 -0.118994 0.266916
2 -0.317775 -0.104898 0.358527  -0.31805 -0.0832891 0.343709
2 -0.317775 -0.104898 0.358527  -0.359337 -0.0817041 0.303179
2 -0.317775 -0.104898 0.358527  -0.337602 -0.0787963 0.31321
2 -0.317775 -0.104898 0.358527  -0.306457 -0.160899 0.361412
2 -0.317775 -0.104898 0.358527  -0.318232 -0.179745 0.335471
2 -0.317775 -0.104898 0.358527  -0.304109 -0.117533 0.376019
2 0.556229 -0.2124 -0.317576  0.62146 -0.222516 -0.302082
2 0.556229 -0.2124 -0.317576  0.626859 -0.206947 -0.301373
2 0.556229 -0.2124 -0.317576  0.599167 -0.231828 -0.26048
2 0.556229 -0.2124 -0.317576  0.591529 -0.216077 -0.245018
2 0.556229 -0.2124 -0.317576  0.592045 -0.235612 -0.276617
2 0.556229 -0.2124 -0.317576  0.625542 -0.235485 -0.260067
2 0.556229 -0.2124 -0.317576  0.629459 -0.229002 -0.236502
2 0.556229 -0.2124 -0.317576  0.605031 -0.205164 -0.234971
2 0.556229 -0.2124 -0.317576  0.615761 -0.18449 -0.259483
2 0.556229 -0.2124 -0.317576  0.610431 -0.193459 -0.241464
2 0.556229 -0.2124 -0.317576  0.60689 -0.225036 -0.241881
2 0.556229 -0.2124 -0.317576  0.630869 -0.184019 -0.279972
2 0.556229 -0.2124 -0.317576  0.634319 -0.192297 -0.289661
2 0.241217 -0.114414 -0.0452006  0.267707 -0.157699 -0.0357588
2 0.241217 -0.114414 -0.0452006  0.254638 -0.172246 -0.0505782
2 0.241217 -0.114414 -0.0452006  0.255433 -0.0851048 -0.0659229
2 0.241217 -0.114414 -0.0452006  0.236693 -0.145413 -0.106507
2 0.241217 -0.114414 -0.0452006  0.264367 -0.0936419 -0.0456299
2 0.241217 -0.114414 -0.0452006  0.268845 -0.103527 -0.0349324
2 0.241217 -0.114414 -0.0452006  0.269381 -0.120137 -0.0251712
2 -0.120836 -0.14041 -0.679875  -0.0769313 -0.194808 -0.737947
2 0.68354 -0.126868 0.22956  0.665865 -0.134963 0.275691
2 0.68354 -0.126868 0.22956  0.681847 -0.172769 0.288523
2 0.68354 -0.126868 0.22956  0.671114 -0.159013 0.279624
2 0.68354 -0.126868 0.22956  0.670745 -0.110616 0.273521
2 0.68354 -0.126868 0.22956  0.688028 -0.176272 0.319812
2 0.68354 -0.126868 0.22956  0.717946 -0.118314 0.331899
2 0.68354 -0.126868 0.22956  0.702198 -0.0731507 0.308023
2 0.68354 -0.126868 0.22956  0.712409 -0.0846235 0.317682
2 0.68354 -0.126868 0.22956  0.702592 -0.0759689 0.320466
2 0.0449755 -0.139402 -0.370706  0.0372014 -0.184335 -0.30723
2 0.0449755 -0.139402 -0.370706  -0.00814895 -0.141001 -0.298983
2 0.0449755 -0.139402 -0.370706  -0.00463497 -0.153965 -0.310391
2 0.0449755 -0.139402 -0.370706  -0.00411958 -0.123693 -0.306589
2 0.0449755 -0.139402 -0.370706  0.0655938 -0.164528 -0.311169
2 0.319118 -0.122073 -0.0664809  0.278949 -0.0807171 -0.0906766
2 0.319118 -0.122073 -0.0664809  0.294976 -0.088294 -0.0764693
2 0.319118 -0.122073 -0.0664809  0.27198 -0.119877 -0.150248
2 0.319118 -0.122073 -0.0664809  0.272554 -0.0831323 -0.121852
2 0.224345 -0.17762 -0.220362  0.132713 -0.211008 -0.217657
2 0.224345 -0.17762 -0.220362  0.18305 -0.17508 -0.210142
2 0.224345 -0.17762 -0.220362  0.155501 -0.168217 -0.208699
2 -0.677236 -0.209341 -0.3006  -0.681217 -0.23607 -0.248726
2 -0.677236 -0.209341 -0.3006  -0.660372 -0.204495 -0.222622
2 -0.677236 -0.209341 -0.3006  -0.678268 -0.193121 -0.227387
2 -0.677236 -0.209341 -0.3006  -0.670885 -0.185171 -0.239684
2 -0.677236 -0.209341 -0.3006  -0.682607 -0.217247 -0.226927
2 0.325558 -0.122581 -0.0682288  0.325423 -0.172687 -0.0990288
2 0.17356 -0.0816392 0.310387  0.278261 -0.10268 0.223911
2 0.17356 -0.0816392 0.310387  0.273405 -0.0900776 0.224631
2 0.17356 -0.0816392 0.310387  0.282622 -0.14393 0.22613
2 0.17356 -0.0816392 0.310387  0.282718 -0.123633 0.22464
2 0.17356 -0.0816392 0.310387  0.279047 -0.158108 0.227724
2 0.17356 -0.0816392 0.310387  0.268188 -0.0818827 0.230883
2 0.17356 -0.0816392 0.310387  0.243082 -0.0768365 0.25629
2 0.17356 -0.0816392 0.310387  0.230512 -0.0842661 0.273769
2 -0.240364 -0.139589 -0.8794  -0.256418 -0.0801643 -0.945361
2 -0.240364 -0.139589 -0.8794  -0.252678 -0.0904458 -0.965973
2 -0.240364 -0.139589 -0.8794  -0.255291 -0.103246 -0.974222
2 -0.240364 -0.139589 -0.8794  -0.273853 -0.134073 -0.901995
2 -0.240364 -0.139589 -0.8794  -0.22483 -0.0961717 -0.957286
2 -0.240364 -0.139589 -0.8794  -0.228344 -0.146324 -0.966932
2 -0.240364 -0.139589 -0.8794  -0.221633 -0.170697 -0.959168
2 -0.240364 -0.139589 -0.8794  -0.232775 -0.193967 -0.944043
2 -0.664671 -0.209318 -0.291911  -0.668008 -0.224448 -0.260748
2 -0.664671 -0.209318 -0.291911  -0.662133 -0.234286 -0.254927
2 -0.664671 -0.209318 -0.291911  -0.628068 -0.217076 -0.267368
2 -0.664671 -0.209318 -0.291911  -0.615456 -0.23382 -0.250793
2 -0.664671 -0.209318 -0.291911  -0.625675 -0.23454 -0.259674
2 -0.664671 -0.209318 -0.291911  -0.63462 -0.229262 -0.261649
2 -0.664671 -0.209318 -0.291911  -0.646192 -0.192815 -0.259402
2 -0.664671 -0.209318 -0.291911  -0.641062 -0.184527 -0.252697
2 -0.664671 -0.209318 -0.291911  -0.654289 -0.207671 -0.261873
2 -0.664671 -0.209318 -0.291911  -0.634535 -0.216692 -0.225426
2 -0.664671 -0.209318 -0.291911  -0.625402 -0.204851 -0.223859
2 -0.664671 -0.209318 -0.291911  -0.640277 -0.19424 -0.227416
2 -0.252564 -0.0771524 0.253594  -0.250094 -0.16094 0.322848
2 -0.252564 -0.0771524 0.253594  -0.282823 -0.183073 0.301814
2 -0.252564 -0.0771524 0.253594  -0.253626 -0.127546 0.343502
2 -0.252564 -0.0771524 0.253594  -0.319204 -0.185293 0.256999
2 -0.364328 -0.123873 0.45178  -0.347737 -0.0924532 0.403152
2 -0.364328 -0.123873 0.45178  -0.36004 -0.0831582 0.396322
2 -0.364328 -0.123873 0.45178  -0.354676 -0.127378 0.438801
2 -0.364328 -0.123873 0.45178  -0.356142 -0.147031 0.433431
2 -0.364328 -0.123873 0.45178  -0.353276 -0.112461 0.432866
2 -0.364328 -0.123873 0.45178  -0.419218 -0.165114 0.379757
2 -0.366356 -0.124421 0.457617  -0.432571 -0.124753 0.379603
2 0.150078 -0.0709656 0.281195  0.227896 -0.17212 0.221714
2 0.150078 -0.0709656 0.281195  0.209079 -0.1026 0.29395
2 0.395168 -0.207547 -0.301444  0.382313 -0.225207 -0.366223
2 0.395168 -0.207547 -0.301444  0.371313 -0.237014 -0.392874
2 0.395168 -0.207547 -0.301444  0.376911 -0.233565 -0.376762
2 0.395168 -0.207547 -0.301444  0.390576 -0.214367 -0.362846
2 0.395168 -0.207547 -0.301444  0.368526 -0.18531 -0.424629
2 -0.303324 -0.180126 -0.255195  -0.272948 -0.234677 -0.28448
2 -0.303324 -0.180126 -0.255195  -0.246094 -0.230227 -0.268713
2 -0.303324 -0.180126 -0.255195  -0.282496 -0.185393 -0.229378
2 -0.303324 -0.180126 -0.255195  -0.221313 -0.192378 -0.242612
2 -0.303324 -0.180126 -0.255195  -0.237866 -0.184777 -0.24461
2 -0.303324 -0.180126 -0.255195  -0.254492 -0.182312 -0.245384
2 -0.303324 -0.180126 -0.255195  -0.316556 -0.219676 -0.262509
2 -0.303324 -0.180126 -0.255195  -0.317111 -0.210101 -0.254361
2 -0.303324 -0.180126 -0.255195  -0.310793 -0.202163 -0.244248
2 -0.303324 -0.180126 -0.255195  -0.230649 -0.207902 -0.281784
2 -0.303324 -0.180126 -0.255195  -0.230848 -0.200525 -0.275934
2 -0.303324 -0.180126 -0.255195  -0.31072 -0.228385 -0.272958
2 0.311611 -0.121481 -0.0644439  0.319272 -0.137941 -0.0673769
2 0.311611 -0.121481 -0.0644439  0.294626 -0.175728 -0.113913
2 0.311611 -0.121481 -0.0644439  0.255675 -0.0908895 -0.125618
2 0.311611 -0.121481 -0.0644439  0.261136 -0.102697 -0.137982
2 0.055581 -0.13974 -0.406044  0.00345342 -0.108618 -0.310345
2 0.055581 -0.13974 -0.406044  0.0408201 -0.0950742 -0.305663
2 0.055581 -0.13974 -0.406044  0.0532179 -0.102599 -0.305124
2 0.055581 -0.13974 -0.406044  0.0642239 -0.115238 -0.317978
2 0.055581 -0.13974 -0.406044  0.071465 -0.139076 -0.324618
2 0.055581 -0.13974 -0.406044  0.0705105 -0.154285 -0.332668
2 0.20356 -0.16966 -0.204972  0.142753 -0.2269 -0.200127
2 0.20356 -0.16966 -0.204972  0.201738 -0.224942 -0.181481
2 -0.608516 -0.210647 -0.515438  -0.596578 -0.19883 -0.529793
2 -0.608516 -0.210647 -0.515438  -0.599791 -0.209259 -0.527006
2 -0.608516 -0.210647 -0.515438  -0.608041 -0.18555 -0.541361
2 -0.608516 -0.210647 -0.515438  -0.623252 -0.182125 -0.55032
2 -0.608516 -0.210647 -0.515438  -0.631305 -0.233127 -0.577356
2 -0.608516 -0.210647 -0.515438  -0.641196 -0.207804 -0.589263
2 -0.608516 -0.210647 -0.515438  -0.630726 -0.194353 -0.589237
2 -0.608516 -0.210647 -0.515438  -0.638667 -0.187499 -0.579751
2 -0.608516 -0.210647 -0.515438  -0.606502 -0.221333 -0.529826
2 -0.608516 -0.210647 -0.515438  -0.620423 -0.191168 -0.531824
2 -0.311613 -0.102229 0.347207  -0.291949 -0.137081 0.365116
2 -0.211657 -0.147764 -0.172205  -0.285228 -0.194394 -0.171709
2 0.211656 -0.11017 -0.0386907  0.236384 -0.0890957 -0.0361943
2 -0.302108 -0.0981258 0.329801  -0.275172 -0.128078 0.353808
2 -0.302108 -0.0981258 0.329801  -0.369991 -0.0894813 0.282576
2 -0.302108 -0.0981258 0.329801  -0.36519 -0.156524 0.254883
2 -0.302108 -0.0981258 0.329801  -0.372804 -0.136204 0.25175
2 -0.302108 -0.0981258 0.329801  -0.29834 -0.0920122 0.348999
2 -0.302108 -0.0981258 0.329801  -0.282114 -0.155434 0.347127
2 0.156123 -0.0736524 0.288866  0.214303 -0.136987 0.295346
2 0.156123 -0.0736524 0.288866  0.258151 -0.136017 0.192175
2 -0.276275 -0.0871455 0.28855  -0.335674 -0.178432 0.249949
2 -0.276275 -0.0871455 0.28855  -0.333137 -0.0790752 0.280261
2 -0.276275 -0.0871455 0.28855  -0.370949 -0.102406 0.255976
2 -0.276275 -0.0871455 0.28855  -0.286963 -0.171286 0.331716
2 0.153835 -0.150055 -0.166984  0.145294 -0.227421 -0.170419
2 0.153835 -0.150055 -0.166984  0.209314 -0.172201 -0.15811
2 0.153835 -0.150055 -0.166984  0.211086 -0.191586 -0.145506
2 0.153835 -0.150055 -0.166984  0.190647 -0.212914 -0.128493
2 0.153835 -0.150055 -0.166984  0.17628 -0.227472 -0.157516
2 0.153835 -0.150055 -0.166984  0.200195 -0.15361 -0.16142
2 0.153835 -0.150055 -0.166984  0.185907 -0.144357 -0.168489
2 0.153835 -0.150055 -0.166984  0.164915 -0.14713 -0.182185
2 0.283443 -0.119122 -0.056682  0.290193 -0.103448 -0.0539042
2 0.283443 -0.119122 -0.056682  0.304064 -0.15556 -0.0651442
2 0.283443 -0.119122 -0.056682  0.295131 -0.169034 -0.0748217
2 0.283443 -0.119122 -0.056682  0.26387 -0.139363 -0.140484
2 0.283443 -0.119122 -0.056682  0.268362 -0.158395 -0.130746
2 0.283443 -0.119122 -0.056682  0.280518 -0.170872 -0.122116
2 0.283443 -0.119122 -0.056682  0.256195 -0.0819971 -0.0930445
2 -0.267288 -0.0832452 0.275181  -0.256472 -0.143878 0.339232
2 -0.267288 -0.0832452 0.275181  -0.292155 -0.0846132 0.330158
2 -0.267288 -0.0832452 0.275181  -0.27454 -0.108831 0.352002
2 0.180805 -0.160456 -0.186863  0.171123 -0.23237 -0.186366
2 0.180805 -0.160456 -0.186863  0.117304 -0.189847 -0.202795
2 0.180805 -0.160456 -0.186863  0.129106 -0.171465 -0.205332
2 0.180805 -0.160456 -0.186863  0.128838 -0.218743 -0.200153
2 0.180805 -0.160456 -0.186863  0.19674 -0.169812 -0.185319
2 0.180805 -0.160456 -0.186863  0.208003 -0.211414 -0.159782
2 0.223227 -0.111782 -0.0410306  0.233298 -0.172123 -0.057501
2 0.223227 -0.111782 -0.0410306  0.221751 -0.159724 -0.0717482
2 0.223227 -0.111782 -0.0410306  0.218443 -0.14526 -0.0817366
2 0.223227 -0.111782 -0.0410306  0.219692 -0.127297 -0.0953509
2 0.223227 -0.111782 -0.0410306  0.222185 -0.0917317 -0.0869715
2 0.223227 -0.111782 -0.0410306  0.229156 -0.0860494 -0.0672812
2 -0.22646 -0.15264 -0.181765  -0.215333 -0.231604 -0.182498
2 -0.22646 -0.15264 -0.181765  -0.279543 -0.180921 -0.184909
2 -0.22646 -0.15264 -0.181765  -0.26797 -0.172883 -0.193772
2 -0.22646 -0.15264 -0.181765  -0.260016 -0.232207 -0.199573
2 -0.22646 -0.15264 -0.181765  -0.275469 -0.224564 -0.179177
2 -0.22646 -0.15264 -0.181765  -0.280736 -0.217457 -0.172066
2 -0.443631 -0.203308 -0.391666  -0.480586 -0.19149 -0.515958
2 -0.443631 -0.203308 -0.391666  -0.457458 -0.21868 -0.561305
2 -0.443631 -0.203308 -0.391666  -0.462308 -0.226566 -0.559553
2 -0.443631 -0.203308 -0.391666  -0.454846 -0.198093 -0.557277
2 -0.443631 -0.203308 -0.391666  -0.472699 -0.234084 -0.518205
2 0.0715183 -0.0503607 0.189608  0.228509 -0.165236 0.168844
2 0.0715183 -0.0503607 0.189608  0.234354 -0.139322 0.157243
2 0.0715183 -0.0503607 0.189608  0.200217 -0.166778 0.222361
2 0.0715183 -0.0503607 0.189608  0.177141 -0.0655309 0.264963
2 0.0715183 -0.0503607 0.189608  0.214218 -0.0696864 0.194826
2 0.0715183 -0.0503607 0.189608  0.193903 -0.0676923 0.239782
2 0.0715183 -0.0503607 0.189608  0.178897 -0.0740968 0.283015
2 0.0715183 -0.0503607 0.189608  0.132519 -0.14327 0.257723
2 0.0715183 -0.0503607 0.189608  0.13402 -0.133791 0.277672
2 0.123351 -0.139856 -0.148084  0.111636 -0.203502 -0.19111
2 0.123351 -0.139856 -0.148084  0.106591 -0.169157 -0.193861
2 0.123351 -0.139856 -0.148084  0.17564 -0.217176 -0.116187
2 0.123351 -0.139856 -0.148084  0.190245 -0.126855 -0.143052
2 0.123351 -0.139856 -0.148084  0.195366 -0.196636 -0.104148
2 0.123351 -0.139856 -0.148084  0.205233 -0.147495 -0.135455
2 0.123351 -0.139856 -0.148084  0.210054 -0.166412 -0.121619
2 0.123351 -0.139856 -0.148084  0.205765 -0.179697 -0.104169
2 0.122008 -0.0604763 0.248478  0.214587 -0.0707548 0.222834
2 0.122008 -0.0604763 0.248478  0.230285 -0.0757221 0.188142
2 0.122008 -0.0604763 0.248478  0.248548 -0.11539 0.179738
2 0.122008 -0.0604763 0.248478  0.247767 -0.0899457 0.190536
2 0.122008 -0.0604763 0.248478  0.249893 -0.153832 0.185886
2 0.122008 -0.0604763 0.248478  0.236984 -0.171301 0.203544
2 0.122008 -0.0604763 0.248478  0.199402 -0.162251 0.249585
2 0.122008 -0.0604763 0.248478  0.212868 -0.0754538 0.252534
2 0.122008 -0.0604763 0.248478  0.198538 -0.116552 0.297754
2 -0.1151 -0.140487 -0.660311  -0.0749781 -0.189448 -0.707644
2 -0.1151 -0.140487 -0.660311  -0.0530734 -0.0847164 -0.719802
2 -0.1151 -0.140487 -0.660311  -0.0333274 -0.168305 -0.742898
2 -0.1151 -0.140487 -0.660311  -0.0257975 -0.125957 -0.734056
2 -0.1151 -0.140487 -0.660311  -0.0457387 -0.192056 -0.725828
2 -0.1151 -0.140487 -0.660311  -0.0923678 -0.152322 -0.709846
2 -0.1151 -0.140487 -0.660311  -0.087375 -0.109193 -0.707487
2 -0.1151 -0.140487 -0.660311  -0.0313942 -0.182282 -0.713839
2 -0.268694 -0.0963912 0.0809624  -0.360031 -0.075817 0.0772186
2 -0.242384 -0.0738823 0.238134  -0.308394 -0.0768815 0.289234
2 -0.242384 -0.0738823 0.238134  -0.270719 -0.0904964 0.335811
2 -0.242384 -0.0738823 0.238134  -0.344558 -0.0828652 0.259574
2 0.0400786 -0.139219 -0.354347  0.0594834 -0.170184 -0.290824
2 0.0400786 -0.139219 -0.354347  0.00680929 -0.178415 -0.298152
2 0.0400786 -0.139219 -0.354347  -0.00377945 -0.168315 -0.293029
2 0.676109 -0.210892 -0.302537  0.762705 -0.186628 -0.269709
2 0.676109 -0.210892 -0.302537  0.761912 -0.232475 -0.27145
2 0.676109 -0.210892 -0.302537  0.774897 -0.225342 -0.268445
2 0.676109 -0.210892 -0.302537  0.78191 -0.211162 -0.26814
2 0.676109 -0.210892 -0.302537  0.77813 -0.196344 -0.269749
2 -0.223459 -0.0693376 0.207935  -0.286248 -0.190456 0.240864
2 0.0517526 -0.0543642 0.157356  0.201068 -0.169325 0.184741
2 0.0517526 -0.0543642 0.157356  0.15964 -0.156271 0.232908
2 -0.0613091 -0.135673 -0.278714  -0.0550763 -0.137913 -0.26814
2 -0.0613091 -0.135673 -0.278714  -0.0609322 -0.161751 -0.269837
2 -0.0613091 -0.135673 -0.278714  -0.0780633 -0.182556 -0.263916
2 -0.0613091 -0.135673 -0.278714  -0.122369 -0.189133 -0.273386
2 -0.0613091 -0.135673 -0.278714  -0.0944219 -0.09181 -0.261591
2 0.0201079 -0.135817 -0.278062  -0.0107663 -0.177903 -0.264498
2 0.0201079 -0.135817 -0.278062  -0.00573295 -0.1105 -0.276783
2 0.261341 -0.191029 -0.248337  0.187341 -0.182546 -0.245813
2 0.261341 -0.191029 -0.248337  0.200855 -0.185301 -0.233047
2 0.261341 -0.191029 -0.248337  0.23434 -0.23187 -0.249016
2 0.261341 -0.191029 -0.248337  0.206776 -0.238299 -0.271784
2 -0.228159 -0.069004 0.218736  -0.277193 -0.189126 0.266589
2 -0.252994 -0.0921064 0.0874859  -0.416067 -0.164447 0.0924852
2 -0.252994 -0.0921064 0.0874859  -0.367621 -0.180617 0.0424317
2 -0.252994 -0.0921064 0.0874859  -0.35491 -0.164877 0.00700205
2 -0.252994 -0.0921064 0.0874859  -0.341997 -0.0929747 0.018779
2 -0.252994 -0.0921064 0.0874859  -0.349185 -0.121792 -0.00710669
2 -0.217725 -0.0706416 0.192419  -0.251192 -0.184148 0.273161
2 -0.217725 -0.0706416 0.192419  -0.312679 -0.181076 0.215099
2 -0.217725 -0.0706416 0.192419  -0.333977 -0.15328 0.188827
2 -0.217725 -0.0706416 0.192419  -0.344221 -0.135272 0.19355
2 -0.217725 -0.0706416 0.192419  -0.349388 -0.118138 0.199978
2 -0.217725 -0.0706416 0.192419  -0.349168 -0.0984167 0.208862
2 0.614158 -0.127695 0.00535794  0.641112 -0.151042 -0.0123705
2 0.614158 -0.127695 0.00535794  0.637255 -0.130726 -0.0122831
2 0.614158 -0.127695 0.00535794  0.656329 -0.174828 -0.021889
2 0.614158 -0.127695 0.00535794  0.682052 -0.080237 -0.0331458
2 0.614158 -0.127695 0.00535794  0.666518 -0.0814655 -0.00680866
2 0.145837 -0.10241 -0.0307165  0.200982 -0.176752 -0.0161557
2 0.145837 -0.10241 -0.0307165  0.218893 -0.174775 -0.0164851
2 0.145837 -0.10241 -0.0307165  0.241474 -0.168215 -0.0193236
2 0.145837 -0.10241 -0.0307165  0.248612 -0.160698 -0.0144669
2 0.145837 -0.10241 -0.0307165  0.25519 -0.147798 -0.0111591
2 0.145837 -0.10241 -0.0307165  0.211212 -0.0884686 -0.0676696
2 0.145837 -0.10241 -0.0307165  0.243287 -0.112324 0.00825989
2 0.145837 -0.10241 -0.0307165  0.248016 -0.100652 -0.0155928
2 0.145837 -0.10241 -0.0307165  0.199777 -0.171749 -0.0360088
2 0.145837 -0.10241 -0.0307165  0.207546 -0.156812 -0.0611799
2 0.145837 -0.10241 -0.0307165  0.210964 -0.13941 -0.0812413
2 0.145837 -0.10241 -0.0307165  0.213306 -0.101609 -0.0911769
2 0.145837 -0.10241 -0.0307165  0.207365 -0.11793 -0.0923686
2 0.0276679 -0.0595381 0.118293  0.17898 -0.0602328 0.243271
2 0.0276679 -0.0595381 0.118293  0.16311 -0.080928 0.301201
2 0.0276679 -0.0595381 0.118293  0.159126 -0.101265 0.305826
2 0.0276679 -0.0595381 0.118293  0.14165 -0.125084 0.291192
2 0.0276679 -0.0595381 0.118293  0.192853 -0.061544 0.210663
2 0.0276679 -0.0595381 0.118293  0.219988 -0.0791323 0.160189
2 0.0276679 -0.0595381 0.118293  0.170212 -0.164521 0.196386
2 0.0276679 -0.0595381 0.118293  0.202896 -0.064586 0.17014
2 -0.232764 -0.0706412 0.224132  -0.336167 -0.168155 0.221874
2 -0.232764 -0.0706412 0.224132  -0.353829 -0.143718 0.219446
2 -0.232764 -0.0706412 0.224132  -0.361749 -0.117039 0.227823
2 -0.232764 -0.0706412 0.224132  -0.353217 -0.0902868 0.241506
2 -0.221764 -0.0697367 0.203245  -0.337478 -0.084379 0.226987
2 -0.221764 -0.0697367 0.203245  -0.318432 -0.0766388 0.247923
2 -0.221764 -0.0697367 0.203245  -0.343806 -0.153003 0.210809
2 -0.221764 -0.0697367 0.203245  -0.354323 -0.130445 0.213041
2 -0.194258 -0.143555 -0.164704  -0.247511 -0.157908 -0.186161
2 -0.194258 -0.143555 -0.164704  -0.254068 -0.224714 -0.145087
2 -0.194258 -0.143555 -0.164704  -0.278834 -0.202477 -0.142837
2 -0.194258 -0.143555 -0.164704  -0.269666 -0.215891 -0.142393
2 -0.194258 -0.143555 -0.164704  -0.225604 -0.167328 -0.19552
2 -0.194258 -0.143555 -0.164704  -0.193874 -0.205507 -0.209363
2 -0.194258 -0.143555 -0.164704  -0.195094 -0.218169 -0.207509
2 -0.194258 -0.143555 -0.164704  -0.202176 -0.190935 -0.209858
2 -0.194258 -0.143555 -0.164704  -0.218981 -0.180557 -0.21204
2 -0.0332999 -0.13335 -0.252665  -0.0598012 -0.113334 -0.259064
2 -0.0332999 -0.13335 -0.252665  -0.0531688 -0.176708 -0.250517
2 -0.0332999 -0.13335 -0.252665  -0.116162 -0.0920065 -0.254815
2 -0.0332999 -0.13335 -0.252665  -0.132166 -0.187134 -0.250886
2 -0.0332999 -0.13335 -0.252665  -0.117559 -0.193352 -0.242064
2 -0.0332999 -0.13335 -0.252665  -0.147777 -0.112008 -0.251405
2 -0.0332999 -0.13335 -0.252665  -0.158557 -0.141712 -0.258881
2 -0.0332999 -0.13335 -0.252665  -0.14472 -0.177398 -0.260884
2 -0.0332999 -0.13335 -0.252665  -0.077263 -0.100244 -0.260299
2 -0.0332999 -0.13335 -0.252665  -0.0443174 -0.152712 -0.262065
2 -0.0332999 -0.13335 -0.252665  -0.0409546 -0.127878 -0.260979
2 -0.0332999 -0.13335 -0.252665  0.019288 -0.0926053 -0.251807
2 -0.0332999 -0.13335 -0.252665  0.00260559 -0.0927226 -0.244539
2 -0.0332999 -0.13335 -0.252665  0.0311111 -0.0937316 -0.246548
2 -0.0332999 -0.13335 -0.252665  0.0601069 -0.164477 -0.247144
2 -0.0332999 -0.13335 -0.252665  0.0670389 -0.14876 -0.240862
2 -0.0332999 -0.13335 -0.252665  0.0416848 -0.0982617 -0.268587
2 -0.0332999 -0.13335 -0.252665  -0.0215183 -0.190049 -0.234854
2 -0.0332999 -0.13335 -0.252665  -0.0409348 -0.102421 -0.244992
2 -0.0332999 -0.13335 -0.252665  -0.0336752 -0.181853 -0.246241
2 0.454347 -0.127708 0.263928  0.435057 -0.111926 0.239621
2 0.454347 -0.127708 0.263928  0.422062 -0.119771 0.234858
2 0.454347 -0.127708 0.263928  0.425402 -0.127624 0.218203
2 0.454347 -0.127708 0.263928  0.426307 -0.137609 0.228478
2 -0.168905 -0.137594 -0.151809  -0.179743 -0.227186 -0.15156
2 -0.23729 -0.0894149 0.0901026  -0.379619 -0.176978 0.0885701
2 -0.23729 -0.0894149 0.0901026  -0.375709 -0.0780661 0.125478
2 -0.23729 -0.0894149 0.0901026  -0.401696 -0.114564 0.131123
2 -0.23729 -0.0894149 0.0901026  -0.396865 -0.152921 0.118069
2 -0.23729 -0.0894149 0.0901026  -0.350118 -0.0725348 0.102067
2 -0.23729 -0.0894149 0.0901026  -0.382601 -0.0872311 0.13818
2 -0.23729 -0.0894149 0.0901026  -0.337956 -0.0719588 0.0853565
2 -0.137407 -0.0906038 0.052313  -0.282944 -0.0306824 0.112188
2 -0.137407 -0.0906038 0.052313  -0.24025 -0.202543 0.117402
2 -0.137407 -0.0906038 0.052313  -0.202961 -0.200801 0.147607
2 -0.137407 -0.0906038 0.052313  -0.289326 -0.0896527 -0.0137594
2 -0.137407 -0.0906038 0.052313  -0.250116 -0.206273 0.055021
2 -0.137407 -0.0906038 0.052313  -0.299485 -0.178267 0.000260841
2 -0.137407 -0.0906038 0.052313  -0.294718 -0.164094 -0.0278418
2 -0.137407 -0.0906038 0.052313  -0.299204 -0.146155 -0.0245522
2 -0.137407 -0.0906038 0.052313  -0.298123 -0.121472 -0.020824
2 -0.137407 -0.0906038 0.052313  -0.291027 -0.191902 0.0260677
2 -0.137407 -0.0906038 0.052313  -0.306082 -0.162169 -0.00766077
2 -0.137407 -0.0906038 0.052313  -0.279185 -0.199155 0.0481132
2 -0.137407 -0.0906038 0.052313  -0.255491 -0.203954 0.0865462
2 -0.137407 -0.0906038 0.052313  -0.251508 0.0358624 0.0554338
2 -0.137407 -0.0906038 0.052313  -0.264723 -0.0157869 0.019555
2 -0.137407 -0.0906038 0.052313  -0.251993 0.0221136 0.0322487
2 -0.137407 -0.0906038 0.052313  -0.261266 -0.032004 -0.00784731
2 -0.137407 -0.0906038 0.052313  -0.158022 -0.18062 0.21213
2 -0.137407 -0.0906038 0.052313  -0.272023 -0.0196875 0.13912
2 -0.137407 -0.0906038 0.052313  -0.270738 -0.0318495 0.181728
2 -0.137407 -0.0906038 0.052313  -0.271007 -0.00895518 0.0646629
2 -0.137407 -0.0906038 0.052313  -0.156957 -0.133321 0.329001
2 -0.137407 -0.0906038 0.052313  -0.173141 -0.110429 0.355776
2 -0.137407 -0.0906038 0.052313  -0.187999 -0.0917474 0.365403
2 -0.137407 -0.0906038 0.052313  -0.20679 -0.0624468 0.356488
2 -0.137407 -0.0906038 0.052313  -0.214468 -0.0489423 0.337188
2 -0.137407 -0.0906038 0.052313  -0.155141 -0.149599 0.29419
2 -0.137407 -0.0906038 0.052313  -0.253135 -0.0251138 0.220119
2 -0.137407 -0.0906038 0.052313  -0.239973 -0.0324543 0.263074
2 -0.137407 -0.0906038 0.052313  -0.259071 -0.00789633 0.171417
2 -0.137407 -0.0906038 0.052313  -0.258947 0.0112618 0.133662
2 -0.137407 -0.0906038 0.052313  -0.254589 0.0341601 0.0808733
2 -0.137407 -0.0906038 0.052313  -0.266959 0.000264968 0.102352
2 -0.137407 -0.0906038 0.052313  -0.132963 -0.164268 0.245349
2 -0.125525 -0.131771 -0.147689  -0.193768 -0.156819 -0.182575
2 -0.205564 -0.0788521 0.138138  -0.30571 -0.0615985 0.190773
2 0.00495867 -0.0733572 0.0700308  0.0473922 -0.123963 0.290467
2 0.00495867 -0.0733572 0.0700308  0.0605764 -0.139545 0.254991
2 0.00495867 -0.0733572 0.0700308  0.089018 -0.159071 0.205065
2 0.00495867 -0.0733572 0.0700308  0.0736935 -0.14974 0.230179
2 0.00495867 -0.0733572 0.0700308  0.187198 -0.0428481 0.15139
2 0.00495867 -0.0733572 0.0700308  0.133279 -0.160074 0.204136
2 0.00495867 -0.0733572 0.0700308  0.211082 -0.168989 0.162654
2 0.103234 -0.101433 -0.0322417  0.179537 -0.181876 -0.02529
2 0.103234 -0.101433 -0.0322417  0.199321 -0.113605 -0.102474
2 0.103234 -0.101433 -0.0322417  0.19322 -0.171964 -0.0478271
2 0.103234 -0.101433 -0.0322417  0.204367 -0.157047 -0.0714504
2 0.103234 -0.101433 -0.0322417  0.194605 -0.0963525 -0.0913526
2 0.103234 -0.101433 -0.0322417  0.192805 -0.0820635 -0.0659163
2 0.103234 -0.101433 -0.0322417  0.185298 -0.071329 -0.0351333
2 0.103234 -0.101433 -0.0322417  0.209708 -0.0832587 -0.0370898
2 0.103234 -0.101433 -0.0322417  0.189549 -0.179564 0.0126522
2 0.103234 -0.101433 -0.0322417  0.221997 -0.0890938 -0.00544616
2 0.103234 -0.101433 -0.0322417  0.240566 -0.13144 0.0192976
2 0.103234 -0.101433 -0.0322417  0.179115 -0.18209 -0.00354521
2 -0.163702 -0.0885625 0.0715997  -0.286183 -0.0601687 0.0118696
2 -0.163702 -0.0885625 0.0715997  -0.351434 -0.1753 0.023539
2 -0.163702 -0.0885625 0.0715997  -0.331589 -0.151234 0.000242538
2 -0.163702 -0.0885625 0.0715997  -0.326178 -0.109042 0.00285619
2 -0.163702 -0.0885625 0.0715997  -0.304141 -0.0885681 0.00678743
2 -0.163702 -0.0885625 0.0715997  -0.31916 -0.189839 0.0573169
2 -0.163702 -0.0885625 0.0715997  -0.286716 -0.197923 0.0764565
2 -0.163702 -0.0885625 0.0715997  -0.324827 -0.181954 0.0295778
2 -0.163702 -0.0885625 0.0715997  -0.324726 -0.1679 0.00916786
2 -0.163702 -0.0885625 0.0715997  -0.316592 -0.129974 -0.0049202
2 -0.163702 -0.0885625 0.0715997  -0.305467 -0.10818 -0.00545038
2 -0.163702 -0.0885625 0.0715997  -0.312011 -0.148097 -0.00631373
2 -0.198333 -0.0830421 0.112828  -0.333342 -0.0697619 0.158047
2 -0.198333 -0.0830421 0.112828  -0.353535 -0.157288 0.143575
2 -0.198333 -0.0830421 0.112828  -0.366823 -0.115095 0.156708
2 0.076355 -0.127309 -0.118629  0.134798 -0.10741 -0.158217
2 0.076355 -0.127309 -0.118629  0.168047 -0.118416 -0.154211
2 -0.0462489 -0.131276 -0.22352  -0.0846817 -0.0869674 -0.231075
2 -0.0462489 -0.131276 -0.22352  -0.164028 -0.135851 -0.212143
2 -0.0462489 -0.131276 -0.22352  -0.119805 -0.198643 -0.210992
2 -0.0462489 -0.131276 -0.22352  -0.102451 -0.0880812 -0.232493
2 -0.0462489 -0.131276 -0.22352  -0.141368 -0.184185 -0.228065
2 -0.0462489 -0.131276 -0.22352  -0.160346 -0.159055 -0.22042
2 -0.0462489 -0.131276 -0.22352  -0.129583 -0.192181 -0.224545
2 -0.0462489 -0.131276 -0.22352  -0.135624 -0.0999485 -0.238715
2 -0.0462489 -0.131276 -0.22352  -0.156948 -0.125356 -0.2371
2 -0.0462489 -0.131276 -0.22352  -0.0698931 -0.0950251 -0.243498
2 -0.0462489 -0.131276 -0.22352  -0.0965079 -0.196278 -0.230444
2 -0.0462489 -0.131276 -0.22352  -0.151478 -0.17285 -0.234398
2 -0.0462489 -0.131276 -0.22352  -0.0714461 -0.191318 -0.234309
2 -0.0462489 -0.131276 -0.22352  -0.0497836 -0.191843 -0.22847
2 0.0557459 -0.122801 -0.106162  0.118746 -0.223087 -0.119154
2 0.0557459 -0.122801 -0.106162  0.0992548 -0.0879737 -0.157532
2 0.0557459 -0.122801 -0.106162  0.116265 -0.0663427 -0.124054
2 0.00133636 -0.0763385 0.0601054  0.176715 -0.0140882 0.190545
2 0.00133636 -0.0763385 0.0601054  0.0405908 -0.110756 0.317568
2 0.00133636 -0.0763385 0.0601054  0.0727198 -0.0964112 0.329491
2 0.00133636 -0.0763385 0.0601054  0.224437 -0.0968768 0.149017
2 0.00133636 -0.0763385 0.0601054  0.221812 -0.155786 0.143391
2 0.00133636 -0.0763385 0.0601054  0.204464 -0.075135 0.130607
2 0.00133636 -0.0763385 0.0601054  0.148234 -0.166571 0.176515
2 0.00133636 -0.0763385 0.0601054  0.223611 -0.123214 0.137508
2 0.00133636 -0.0763385 0.0601054  0.218447 -0.143619 0.128986
2 0.00133636 -0.0763385 0.0601054  0.206591 -0.164995 0.134866
2 0.00133636 -0.0763385 0.0601054  0.114442 -0.168762 0.172062
2 0.00133636 -0.0763385 0.0601054  0.178214 -0.0122496 0.163695
2 0.0661542 -0.125014 -0.112289  0.151085 -0.0873994 -0.130242
2 0.0661542 -0.125014 -0.112289  0.1734 -0.101348 -0.13187
2 0.0661542 -0.125014 -0.112289  0.15382 -0.216589 -0.0842074
2 0.0661542 -0.125014 -0.112289  0.178041 -0.205604 -0.0882225
2 0.0661542 -0.125014 -0.112289  0.0871503 -0.215241 -0.144623
2 0.0661542 -0.125014 -0.112289  0.0781319 -0.205885 -0.163594
2 0.0661542 -0.125014 -0.112289  0.0684728 -0.194818 -0.175156
2 0.0661542 -0.125014 -0.112289  0.0856373 -0.108704 -0.182356
2 0.0661542 -0.125014 -0.112289  0.0641768 -0.171819 -0.196074
2 -0.00498369 -0.0821843 0.0402916  0.0558168 -0.174602 0.164098
2 -0.00498369 -0.0821843 0.0402916  -0.00736879 -0.118892 0.310244
2 -0.00498369 -0.0821843 0.0402916  0.0279288 -0.102251 0.3339
2 -0.00498369 -0.0821843 0.0402916  0.00524791 -0.107815 0.33018
2 -0.00498369 -0.0821843 0.0402916  0.165547 0.0580144 0.221486
2 -0.00498369 -0.0821843 0.0402916  0.162607 0.0528763 0.244363
2 -0.00498369 -0.0821843 0.0402916  0.0942319 -0.0509235 0.342148
2 -0.00498369 -0.0821843 0.0402916  0.0694731 -0.0765114 0.341237
2 -0.00498369 -0.0821843 0.0402916  0.158456 0.0496792 0.263497
2 -0.00498369 -0.0821843 0.0402916  0.155832 0.0240596 0.274205
2 -0.00498369 -0.0821843 0.0402916  0.144121 0.0163229 0.305947
2 -0.00498369 -0.0821843 0.0402916  0.132038 0.0124797 0.331642
2 -0.00498369 -0.0821843 0.0402916  0.121675 -0.0020599 0.342921
2 -0.00498369 -0.0821843 0.0402916  0.167864 0.0542313 0.193503
2 -0.00498369 -0.0821843 0.0402916  0.164833 0.0704942 0.162254
2 -0.00498369 -0.0821843 0.0402916  0.0125106 -0.135855 0.267649
2 -0.00498369 -0.0821843 0.0402916  0.0383363 -0.154707 0.219631
2 -0.00498369 -0.0821843 0.0402916  0.172445 0.0175003 0.19191
2 -0.00498369 -0.0821843 0.0402916  0.169599 0.0205799 0.216455
2 -0.00498369 -0.0821843 0.0402916  0.168014 0.00648153 0.231985
2 -0.00498369 -0.0821843 0.0402916  0.120804 -0.0344175 0.328804
2 -0.00498369 -0.0821843 0.0402916  0.172789 0.0199692 0.1621
2 -0.00498369 -0.0821843 0.0402916  0.179094 -0.017213 0.130579
2 -0.00498369 -0.0821843 0.0402916  0.18904 -0.0518754 0.100027
2 -0.00498369 -0.0821843 0.0402916  0.189888 -0.169285 0.142031
2 -0.00498369 -0.0821843 0.0402916  0.169948 -0.169147 0.160514
2 -0.00498369 -0.0821843 0.0402916  0.166461 0.0150537 0.0855659
2 -0.00498369 -0.0821843 0.0402916  0.175503 -0.0178192 0.0903328
2 -0.00498369 -0.0821843 0.0402916  0.170728 0.019695 0.125099
2 -0.00498369 -0.0821843 0.0402916  0.163741 0.052673 0.116363
2 -0.00498369 -0.0821843 0.0402916  0.149529 0.0892463 0.0666049
2 -0.00498369 -0.0821843 0.0402916  0.141709 0.119585 0.0550605
2 -0.00498369 -0.0821843 0.0402916  0.129945 0.11905 0.0279979
2 -0.00498369 -0.0821843 0.0402916  0.106237 0.134134 0.0177268
2 -0.00498369 -0.0821843 0.0402916  0.156187 0.100613 0.122674
2 -0.00498369 -0.0821843 0.0402916  0.14452 0.138246 0.0949525
2 -0.00498369 -0.0821843 0.0402916  0.135036 0.145472 0.0630104
2 -0.00498369 -0.0821843 0.0402916  0.158221 0.04972 0.0775411
2 -0.00498369 -0.0821843 0.0402916  0.099583 -0.180972 0.130983
2 -0.00498369 -0.0821843 0.0402916  0.179549 -0.0448023 0.0519808
2 -0.00498369 -0.0821843 0.0402916  0.204379 -0.0869223 0.0922653
2 -0.00498369 -0.0821843 0.0402916  0.191608 -0.166959 0.102889
2 -0.00498369 -0.0821843 0.0402916  0.162885 -0.174619 0.118162
2 -0.00498369 -0.0821843 0.0402916  0.21204 -0.127334 0.0966476
2 -0.00498369 -0.0821843 0.0402916  0.139895 -0.173475 0.144734
2 -0.00498369 -0.0821843 0.0402916  0.213334 -0.135642 0.111198
2 -0.00498369 -0.0821843 0.0402916  0.208834 -0.154893 0.114371
2 -0.00498369 -0.0821843 0.0402916  0.212282 -0.107274 0.115117
2 -0.00498369 -0.0821843 0.0402916  0.168788 -0.0152125 0.0574569
2 -0.00498369 -0.0821843 0.0402916  0.161138 0.0084913 0.0506077
2 -0.00498369 -0.0821843 0.0402916  0.0484984 0.118727 -0.00966808
2 -0.00498369 -0.0821843 0.0402916  0.0719272 0.14033 0.0103323
2 -0.00498369 -0.0821843 0.0402916  0.0244441 0.178554 0.0495275
2 -0.00498369 -0.0821843 0.0402916  0.0455669 0.190816 0.0749102
2 -0.00498369 -0.0821843 0.0402916  0.034729 0.159555 0.0244826
2 -0.00498369 -0.0821843 0.0402916  0.0323004 0.141661 0.0057301
2 -0.00498369 -0.0821843 0.0402916  -0.0337114 -0.108045 0.338969
2 -0.00498369 -0.0821843 0.0402916  -0.0322843 -0.134799 0.279757
2 -0.00498369 -0.0821843 0.0402916  0.00139286 -0.091142 0.350241
2 -0.00498369 -0.0821843 0.0402916  0.157562 0.0963764 0.251049
2 -0.00498369 -0.0821843 0.0402916  0.155434 0.0827885 0.26933
2 -0.00498369 -0.0821843 0.0402916  0.149541 0.0781006 0.289627
2 -0.00498369 -0.0821843 0.0402916  0.156632 0.126239 0.178429
2 -0.00498369 -0.0821843 0.0402916  0.16043 0.102747 0.214691
2 -0.00498369 -0.0821843 0.0402916  0.115037 0.159778 0.0557889
2 -0.00498369 -0.0821843 0.0402916  0.148218 0.148447 0.145267
2 -0.00498369 -0.0821843 0.0402916  0.137575 0.164709 0.121042
2 -0.00498369 -0.0821843 0.0402916  0.129837 0.164911 0.0890749
2 -0.00498369 -0.0821843 0.0402916  0.139786 0.0642377 0.316373
2 -0.00498369 -0.0821843 0.0402916  0.0908989 -0.0201042 0.360897
2 -0.00498369 -0.0821843 0.0402916  0.104753 -0.00570851 0.359691
2 -0.00498369 -0.0821843 0.0402916  0.134455 0.173322 0.155458
2 -0.00498369 -0.0821843 0.0402916  0.11705 0.182214 0.123859
2 -0.00498369 -0.0821843 0.0402916  0.15324 0.144054 0.214948
2 -0.00498369 -0.0821843 0.0402916  0.146516 0.160392 0.18746
2 -0.00498369 -0.0821843 0.0402916  0.0696727 -0.0278179 0.368079
2 -0.00498369 -0.0821843 0.0402916  0.0208768 -0.072534 0.358525
2 -0.00498369 -0.0821843 0.0402916  0.149012 0.138349 0.252494
2 -0.00498369 -0.0821843 0.0402916  0.148261 0.114079 0.282392
2 -0.00498369 -0.0821843 0.0402916  0.126817 0.0503555 0.345552
2 -0.00498369 -0.0821843 0.0402916  0.119945 0.0928487 0.353293
2 -0.00498369 -0.0821843 0.0402916  0.100035 0.0246594 0.381296
2 -0.00498369 -0.0821843 0.0402916  0.113974 0.0361774 0.367138
2 -0.00498369 -0.0821843 0.0402916  0.13593 0.108648 0.316592
2 -0.00498369 -0.0821843 0.0402916  0.0759898 0.166514 0.0427266
2 -0.00498369 -0.0821843 0.0402916  0.109545 0.179474 0.0902484
2 -0.00498369 -0.0821843 0.0402916  0.0833145 0.185194 0.0804409
2 -0.00498369 -0.0821843 0.0402916  -0.0192524 -0.152211 0.235168
2 -0.0926354 -0.0942235 0.0204984  -0.10893 -0.177379 0.19949
2 -0.0926354 -0.0942235 0.0204984  -0.108184 -0.145819 0.280393
2 -0.0926354 -0.0942235 0.0204984  -0.135607 -0.115148 0.350701
2 -0.0926354 -0.0942235 0.0204984  -0.170426 -0.0804369 0.376437
2 -0.0926354 -0.0942235 0.0204984  -0.163349 -0.0889392 0.372406
2 -0.0926354 -0.0942235 0.0204984  -0.170312 -0.0652618 0.380845
2 -0.0926354 -0.0942235 0.0204984  -0.193223 -0.0195335 0.357976
2 -0.0926354 -0.0942235 0.0204984  -0.233944 0.0165351 0.240315
2 -0.0926354 -0.0942235 0.0204984  -0.224601 0.00208793 0.279502
2 -0.0926354 -0.0942235 0.0204984  -0.21118 -0.00800358 0.318826
2 -0.0926354 -0.0942235 0.0204984  -0.251888 0.0401102 0.111987
2 -0.0926354 -0.0942235 0.0204984  -0.247075 0.0287892 0.169934
2 -0.0926354 -0.0942235 0.0204984  -0.247557 0.0447037 0.139054
2 -0.0926354 -0.0942235 0.0204984  -0.123807 -0.130015 0.323542
2 -0.0926354 -0.0942235 0.0204984  -0.226615 -0.0259318 0.289862
2 -0.0926354 -0.0942235 0.0204984  -0.214822 -0.033916 0.323277
2 -0.0926354 -0.0942235 0.0204984  -0.237756 -0.0134706 0.248656
2 -0.0926354 -0.0942235 0.0204984  -0.192464 -0.0724566 0.36887
2 -0.0926354 -0.0942235 0.0204984  -0.245854 0.00260339 0.206463
2 -0.0926354 -0.0942235 0.0204984  -0.235882 0.0663729 0.0447865
2 -0.0926354 -0.0942235 0.0204984  -0.234801 0.0488172 0.0176589
2 -0.0926354 -0.0942235 0.0204984  -0.238443 0.0140938 -0.00669772
2 -0.0926354 -0.0942235 0.0204984  -0.220229 0.00714156 -0.0343906
2 -0.0926354 -0.0942235 0.0204984  -0.210777 0.0481505 -0.0194017
2 -0.0926354 -0.0942235 0.0204984  -0.0942187 -0.161144 0.236107
2 -0.0926354 -0.0942235 0.0204984  -0.125273 -0.212083 0.0823747
2 -0.0926354 -0.0942235 0.0204984  -0.154596 -0.206071 0.120913
2 -0.0926354 -0.0942235 0.0204984  -0.141807 -0.194148 0.160923
2 -0.0926354 -0.0942235 0.0204984  -0.248392 0.0160154 0.0125244
2 -0.0926354 -0.0942235 0.0204984  -0.244064 -0.0270228 -0.030816
2 -0.0926354 -0.0942235 0.0204984  -0.24739 -0.0505434 -0.0487771
2 -0.0926354 -0.0942235 0.0204984  -0.258537 -0.0701622 -0.0562841
2 -0.0926354 -0.0942235 0.0204984  -0.23207 -0.210143 -0.00941659
2 -0.0926354 -0.0942235 0.0204984  -0.253489 -0.202278 -0.0163889
2 -0.120787 -0.0919544 0.0402794  -0.277875 -0.123093 -0.0855801
2 -0.120787 -0.0919544 0.0402794  -0.291456 -0.149644 -0.0472751
2 -0.120787 -0.0919544 0.0402794  -0.288762 -0.129372 -0.0496597
2 -0.120787 -0.0919544 0.0402794  -0.274089 -0.192535 -0.00709699
2 -0.120787 -0.0919544 0.0402794  -0.255865 -0.203113 0.0185167
2 -0.120787 -0.0919544 0.0402794  -0.282569 -0.180846 -0.0338724
2 -0.120787 -0.0919544 0.0402794  -0.276224 -0.0968192 -0.0524764
2 -0.120787 -0.0919544 0.0402794  -0.207352 -0.212141 0.0629022
2 -0.120787 -0.0919544 0.0402794  -0.221981 -0.211881 0.0265019
2 -0.120787 -0.0919544 0.0402794  -0.186207 -0.209973 0.100946
2 -0.120787 -0.0919544 0.0402794  -0.26714 -0.0615234 -0.0272503
2 -0.00860313 -0.0841139 0.0338816  0.0506373 -0.190854 0.113446
2 -0.00860313 -0.0841139 0.0338816  0.0610514 0.0913609 -0.0256548
2 -0.00860313 -0.0841139 0.0338816  0.0906125 0.103259 -0.0128719
2 -0.00860313 -0.0841139 0.0338816  0.139556 0.0364526 -0.0043882
2 -0.00860313 -0.0841139 0.0338816  0.117859 0.0924007 -0.00639844
2 -0.00860313 -0.0841139 0.0338816  0.141441 0.0794209 0.025985
2 -0.00860313 -0.0841139 0.0338816  0.13176 0.0697098 -0.00293438
2 -0.00860313 -0.0841139 0.0338816  0.00968981 0.0942674 -0.0260502
2 -0.058967 -0.126066 -0.161691  -0.0916069 -0.0799301 -0.20995
2 0.0674159 -0.105873 -0.0477079  0.145687 -0.0499412 -0.0699814
2 0.0674159 -0.105873 -0.0477079  0.15028 -0.18183 0.0908629
2 0.0674159 -0.105873 -0.0477079  0.15982 -0.043211 -0.0165902
2 0.0674159 -0.105873 -0.0477079  0.143876 -0.201651 -0.00763482
2 0.0674159 -0.105873 -0.0477079  0.178678 -0.190436 -0.0533064
2 0.0674159 -0.105873 -0.0477079  0.199031 -0.12429 -0.11935
2 0.0674159 -0.105873 -0.0477079  0.206828 -0.140019 -0.100192
2 0.0674159 -0.105873 -0.0477079  0.197424 -0.176506 -0.0735901
2 0.0674159 -0.105873 -0.0477079  0.206564 -0.163624 -0.0907861
2 0.0674159 -0.105873 -0.0477079  0.185571 -0.100649 -0.113018
2 0.0674159 -0.105873 -0.0477079  0.162406 -0.205134 -0.0576922
2 0.0674159 -0.105873 -0.0477079  0.165644 -0.0828228 -0.112685
2 0.0674159 -0.105873 -0.0477079  0.144318 -0.0640652 -0.101201
2 0.0674159 -0.105873 -0.0477079  0.164041 -0.186892 0.0273597
2 0.0674159 -0.105873 -0.0477079  0.174253 -0.0512922 0.0132266
2 0.0674159 -0.105873 -0.0477079  0.169182 -0.178671 0.0741688
2 0.0674159 -0.105873 -0.0477079  0.143724 -0.189433 0.0573338
2 0.0674159 -0.105873 -0.0477079  0.178808 -0.0629718 -0.0093929
2 0.0674159 -0.105873 -0.0477079  0.162954 -0.0556893 -0.0407669
2 0.0674159 -0.105873 -0.0477079  0.184112 -0.178368 0.041533
2 0.0674159 -0.105873 -0.0477079  0.209444 -0.0914732 0.0650588
2 0.0674159 -0.105873 -0.0477079  0.215725 -0.128894 0.0762879
2 0.0674159 -0.105873 -0.0477079  0.214223 -0.108454 0.0724989
2 0.0674159 -0.105873 -0.0477079  0.210257 -0.0870512 0.0421858
2 0.0674159 -0.105873 -0.0477079  0.22447 -0.108143 0.0416566
2 0.0674159 -0.105873 -0.0477079  0.224036 -0.125513 0.0531626
2 0.0674159 -0.105873 -0.0477079  0.201186 -0.16843 0.0557173
2 0.0674159 -0.105873 -0.0477079  0.22475 -0.143272 0.0499284
2 0.0674159 -0.105873 -0.0477079  0.210719 -0.0846303 0.0192842
2 0.0674159 -0.105873 -0.0477079  0.192764 -0.0694419 0.0270202
2 0.0674159 -0.105873 -0.0477079  0.210542 -0.149961 0.0819389
2 0.0674159 -0.105873 -0.0477079  0.199782 -0.0774149 -0.00388292
2 -0.0624233 -0.0961439 0.00341913  -0.197476 0.00867495 -0.0496358
2 -0.0624233 -0.0961439 0.00341913  -0.24017 -0.0622754 -0.0774109
2 -0.0624233 -0.0961439 0.00341913  -0.2197 -0.0304262 -0.0613067
2 -0.0624233 -0.0961439 0.00341913  -0.201269 0.034624 -0.0353019
2 -0.0624233 -0.0961439 0.00341913  -0.086496 -0.202895 0.112807
2 -0.0624233 -0.0961439 0.00341913  -0.0701554 -0.186638 0.16087
2 -0.0624233 -0.0961439 0.00341913  -0.238416 0.0741406 0.0735201
2 -0.0624233 -0.0961439 0.00341913  -0.239174 0.0784855 0.104746
2 -0.0624233 -0.0961439 0.00341913  -0.226319 0.110847 0.100704
2 -0.0624233 -0.0961439 0.00341913  -0.119227 -0.0832216 0.375875
2 -0.0624233 -0.0961439 0.00341913  -0.0933775 -0.115521 0.342848
2 -0.0624233 -0.0961439 0.00341913  -0.21288 0.0291592 0.307939
2 -0.0624233 -0.0961439 0.00341913  -0.233818 0.0659738 0.199911
2 -0.0624233 -0.0961439 0.00341913  -0.228839 0.0562667 0.238064
2 -0.0624233 -0.0961439 0.00341913  -0.223061 0.0399639 0.272402
2 -0.0624233 -0.0961439 0.00341913  -0.238789 0.0655407 0.164259
2 -0.0624233 -0.0961439 0.00341913  -0.235987 0.0848706 0.143733
2 -0.0624233 -0.0961439 0.00341913  -0.145883 -0.0659181 0.386161
2 -0.0624233 -0.0961439 0.00341913  -0.172341 -0.0374445 0.383611
2 -0.0624233 -0.0961439 0.00341913  -0.238714 0.0318694 0.207814
2 -0.0624233 -0.0961439 0.00341913  -0.214952 0.0723236 0.00462681
2 -0.0507867 -0.096271 0.000459841  -0.179819 0.045094 -0.0412821
2 -0.0507867 -0.096271 0.000459841  -0.192675 0.062496 -0.0270027
2 -0.0507867 -0.096271 0.000459841  -0.0599485 -0.16766 0.208009
2 -0.0507867 -0.096271 0.000459841  -0.219531 0.114022 0.0712462
2 -0.0507867 -0.096271 0.000459841  -0.205328 0.129965 0.0518399
2 -0.0507867 -0.096271 0.000459841  -0.195421 0.119628 0.0221252
2 -0.0507867 -0.096271 0.000459841  -0.217236 0.095725 0.0337027
2 -0.0507867 -0.096271 0.000459841  -0.193696 0.0885135 -0.00888373
2 -0.0507867 -0.096271 0.000459841  -0.157139 0.0385969 -0.051579
2 -0.0507867 -0.096271 0.000459841  -0.0886186 -0.216568 0.0309257
2 -0.0507867 -0.096271 0.000459841  -0.185915 -0.0149952 -0.0698353
2 -0.0507867 -0.096271 0.000459841  -0.216416 -0.0594465 -0.099855
2 -0.0507867 -0.096271 0.000459841  -0.255859 -0.104998 -0.123617
2 -0.0507867 -0.096271 0.000459841  -0.205687 -0.216334 -0.00677569
2 -0.0507867 -0.096271 0.000459841  -0.148223 -0.218822 0.00760579
2 -0.0507867 -0.096271 0.000459841  -0.169832 0.0142325 -0.0588177
2 0.0567366 -0.106444 -0.049363  0.117128 -0.0406639 -0.088833
2 0.0567366 -0.106444 -0.049363  0.141688 -0.0345991 -0.0454903
2 0.0567366 -0.106444 -0.049363  0.129575 -0.184719 0.0979174
2 0.0567366 -0.106444 -0.049363  0.196972 -0.0715747 0.0643323
2 0.0567366 -0.106444 -0.049363  0.210974 -0.111282 0.0925515
2 0.0567366 -0.106444 -0.049363  0.116251 -0.199206 0.0392524
2 0.0567366 -0.106444 -0.049363  0.116891 -0.0194925 -0.0633425
2 0.0567366 -0.106444 -0.049363  0.143135 -0.0113937 -0.0203724
2 0.0567366 -0.106444 -0.049363  0.127678 -0.011231 -0.0452773
2 0.0567366 -0.106444 -0.049363  0.162079 -0.0223717 0.0198181
2 -0.0813667 -0.0950104 0.0139213  -0.155459 -0.215293 0.0610013
2 -0.0813667 -0.0950104 0.0139213  -0.19154 -0.21655 0.0204274
2 -0.0813667 -0.0950104 0.0139213  -0.256655 -0.0851127 -0.0864714
2 -0.0813667 -0.0950104 0.0139213  -0.267847 -0.104869 -0.0943374
2 -0.0813667 -0.0950104 0.0139213  -0.265014 -0.195859 -0.0407495
2 -0.0813667 -0.0950104 0.0139213  -0.284265 -0.145574 -0.0777668
2 -0.0813667 -0.0950104 0.0139213  -0.284616 -0.167435 -0.0650605
2 -0.0538417 -0.118814 -0.109338  -0.081617 -0.221815 -0.090115
2 -0.0538417 -0.118814 -0.109338  0.00100598 -0.0369935 -0.14026
2 -0.0538417 -0.118814 -0.109338  -0.0113437 -0.217786 -0.117885
2 -0.0538417 -0.118814 -0.109338  0.00401682 -0.21249 -0.144679
2 -0.0538417 -0.118814 -0.109338  0.0481081 -0.0657083 -0.166083
2 -0.0538417 -0.118814 -0.109338  -0.0270228 -0.0246854 -0.124174
2 -0.0538417 -0.118814 -0.109338  -0.0600578 -0.0240835 -0.124173
2 -0.0538417 -0.118814 -0.109338  -0.0963665 -0.0449594 -0.149963
2 -0.0538417 -0.118814 -0.109338  -0.0750067 -0.0591242 -0.176525
2 -0.0538417 -0.118814 -0.109338  0.0443717 -0.181863 -0.202287
2 -0.0538417 -0.118814 -0.109338  0.0675708 -0.109712 -0.202914
2 -0.0538417 -0.118814 -0.109338  0.023398 -0.192684 -0.198477
2 -0.0538417 -0.118814 -0.109338  0.0198262 -0.202743 -0.171402
2 -0.0538417 -0.118814 -0.109338  0.0514523 -0.0927995 -0.202944
2 -0.0538417 -0.118814 -0.109338  0.0744909 -0.133044 -0.206741
2 -0.0538417 -0.118814 -0.109338  0.01822 -0.0615664 -0.176034
2 -0.0596591 -0.123992 -0.144779  -0.00570789 -0.0626193 -0.183726
2 -0.0596591 -0.123992 -0.144779  0.00443434 -0.0777614 -0.209562
2 -0.0596591 -0.123992 -0.144779  -0.00478796 -0.200619 -0.192761
2 -0.0596591 -0.123992 -0.144779  0.0266304 -0.0850207 -0.21639
2 -0.0596591 -0.123992 -0.144779  0.0052026 -0.192227 -0.225722
2 -0.0596591 -0.123992 -0.144779  0.0337834 -0.184212 -0.222731
2 -0.0596591 -0.123992 -0.144779  0.043449 -0.0988001 -0.236606
2 -0.0596591 -0.123992 -0.144779  0.0663812 -0.153909 -0.218451
2 -0.0596591 -0.123992 -0.144779  0.0555575 -0.169753 -0.217845
2 -0.0596591 -0.123992 -0.144779  0.0670272 -0.129974 -0.237627
2 -0.0596591 -0.123992 -0.144779  0.0581325 -0.111774 -0.235275
2 -0.0596591 -0.123992 -0.144779  -0.0349957 -0.0523576 -0.168452
2 -0.0596591 -0.123992 -0.144779  -0.0374568 -0.200796 -0.203954
2 -0.0596591 -0.123992 -0.144779  -0.0209232 -0.0818155 -0.218115
2 -0.0596591 -0.123992 -0.144779  -0.104918 -0.0703267 -0.185669
2 -0.0596591 -0.123992 -0.144779  -0.0269345 -0.208492 -0.170498
2 -0.0596591 -0.123992 -0.144779  -0.0523954 -0.215854 -0.143718
2 0.016749 -0.108309 -0.0536954  0.0770069 -0.00766825 -0.076009
2 -0.0116157 -0.110058 -0.065405  -0.0744837 -0.000552225 -0.0917603
2 -0.0116157 -0.110058 -0.065405  -0.149174 -0.0411395 -0.118355
2 -0.0116157 -0.110058 -0.065405  -0.186334 -0.077008 -0.14069
2 -0.0116157 -0.110058 -0.065405  -0.0978972 -0.0170198 -0.110739
2 -0.0116157 -0.110058 -0.065405  -0.0367075 0.00243135 -0.0869547
2 -0.0116157 -0.110058 -0.065405  -0.0527073 -0.220627 -0.0631549
2 -0.0116157 -0.110058 -0.065405  0.0112203 -0.219612 -0.0744525
2 -0.0116157 -0.110058 -0.065405  0.0250504 -0.0159658 -0.103734
2 -0.0116157 -0.110058 -0.065405  0.0350724 -0.218885 -0.0989169
2 -0.0116157 -0.110058 -0.065405  0.0619949 -0.0391734 -0.121912
2 -0.0116157 -0.110058 -0.065405  0.0503867 -0.0217755 -0.104116
2 -0.00364236 -0.102601 -0.0314785  0.0129727 -0.217254 -0.0158572
2 -0.00364236 -0.102601 -0.0314785  0.0266512 -0.212354 0.0222193
2 -0.00364236 -0.102601 -0.0314785  0.0342031 0.0208168 -0.0628169
2 -0.00364236 -0.102601 -0.0314785  -0.0225285 0.0251022 -0.064144
2 -0.0371619 -0.0963465 -0.00274145  -0.158422 0.0668361 -0.0386976
2 -0.0371619 -0.0963465 -0.00274145  -0.135117 0.0769455 -0.0371785
2 -0.0371619 -0.0963465 -0.00274145  -0.156081 0.0997523 -0.0221805
2 -0.0371619 -0.0963465 -0.00274145  -0.176259 0.08379 -0.024163
2 -0.0371619 -0.0963465 -0.00274145  0.0474599 0.0685646 -0.0382818
2 -0.0371619 -0.0963465 -0.00274145  -0.0515287 0.084466 -0.0328632
2 -0.0371619 -0.0963465 -0.00274145  -0.101235 0.0815162 -0.0353829
2 -0.0371619 -0.0963465 -0.00274145  0.0134791 -0.199712 0.093958
2 -0.0371619 -0.0963465 -0.00274145  -0.0264725 -0.203913 0.089837
2 -0.0371619 -0.0963465 -0.00274145  -0.0421955 -0.211468 0.0551073
2 -0.0493812 -0.117461 -0.101936  0.0487812 -0.189452 -0.18441
2 -0.0493812 -0.117461 -0.101936  0.0738618 -0.152511 -0.201197
2 -0.0493812 -0.117461 -0.101936  -0.109233 -0.222885 -0.0797041
2 -0.0493812 -0.117461 -0.101936  -0.0276827 -0.219984 -0.0912883
2 -0.0493812 -0.117461 -0.101936  -0.120425 -0.038875 -0.132315
2 -0.0493812 -0.117461 -0.101936  -0.134602 -0.0614567 -0.153832
2 -0.0561862 -0.119906 -0.115823  -0.0807326 -0.220731 -0.117683
2 -0.0112182 -0.100429 -0.0221541  -0.196042 -0.0621264 -0.116983
2 -0.0112182 -0.100429 -0.0221541  -0.172348 -0.0316911 -0.0928071
2 -0.0112182 -0.100429 -0.0221541  -0.208783 -0.0811198 -0.134658
2 -0.0112182 -0.100429 -0.0221541  -0.18268 -0.219688 -0.0128967
2 -0.0112182 -0.100429 -0.0221541  -0.200346 -0.220893 -0.0458441
2 -0.0112182 -0.100429 -0.0221541  -0.26825 -0.126351 -0.124581
2 -0.0112182 -0.100429 -0.0221541  -0.222708 -0.215951 -0.044201
2 -0.0112182 -0.100429 -0.0221541  -0.245177 -0.207583 -0.044456
2 -0.0112182 -0.100429 -0.0221541  -0.274122 -0.18858 -0.0694691
2 -0.0112182 -0.100429 -0.0221541  -0.24297 -0.109871 -0.148984
2 -0.0112182 -0.100429 -0.0221541  -0.277103 -0.1472 -0.117491
2 -0.0112182 -0.100429 -0.0221541  -0.259767 -0.204039 -0.075448
2 -0.0112182 -0.100429 -0.0221541  -0.23589 -0.0851169 -0.119711
2 -0.0112182 -0.100429 -0.0221541  -0.194607 -0.0417216 -0.0911907
2 -0.0112182 -0.100429 -0.0221541  -0.137313 0.0172367 -0.0674809
2 -0.0112182 -0.100429 -0.0221541  -0.104742 0.0300632 -0.0625197
2 -0.0112182 -0.100429 -0.0221541  -0.0680657 0.0365937 -0.0579761
2 -0.0112182 -0.100429 -0.0221541  -0.0627383 -0.219282 -0.0211276
2 -0.0144852 -0.0882161 0.0198269  0.142513 0.010921 -0.0100237
2 -0.0144852 -0.0882161 0.0198269  0.13708 0.0110363 -0.0221627
2 -0.0144852 -0.0882161 0.0198269  0.149941 0.0278807 0.0231522
2 -0.0144852 -0.0882161 0.0198269  0.0818618 0.0669244 -0.0358916
2 -0.0144852 -0.0882161 0.0198269  0.132065 0.0329908 -0.0212389
2 -0.0144852 -0.0882161 0.0198269  0.122403 0.0474081 -0.0262951
2 -0.0144852 -0.0882161 0.0198269  0.106183 0.0613789 -0.0312115
2 -0.0144852 -0.0882161 0.0198269  -0.0111401 -0.191722 0.129074
2 -0.0144852 -0.0882161 0.0198269  -0.152614 0.143828 0.0115006
2 -0.0144852 -0.0882161 0.0198269  -0.172126 0.119802 -0.00130607
2 -0.0144852 -0.0882161 0.0198269  -0.145217 0.127073 -0.00599126
2 -0.0144852 -0.0882161 0.0198269  -0.130261 0.105678 -0.0218668
2 -0.0144852 -0.0882161 0.0198269  -0.00522757 0.127145 -0.00652405
2 -0.0144852 -0.0882161 0.0198269  -0.0132789 0.149641 0.0114697
2 -0.0144852 -0.0882161 0.0198269  -0.0446986 0.111335 -0.0177582
2 -0.0144852 -0.0882161 0.0198269  -0.0916338 0.108937 -0.0199896
2 -0.0144852 -0.0882161 0.0198269  -0.0769414 -0.100565 0.358378
2 -0.0144852 -0.0882161 0.0198269  -0.0188498 0.167653 0.0319599
2 -0.0144852 -0.0882161 0.0198269  -0.0288396 0.18358 0.05566
2 -0.0144852 -0.0882161 0.0198269  0.00772879 0.226713 0.160367
2 -0.0144852 -0.0882161 0.0198269  0.0147989 0.231995 0.188407
2 -0.0144852 -0.0882161 0.0198269  0.0344787 0.225311 0.190655
2 -0.0144852 -0.0882161 0.0198269  0.0847861 0.203272 0.17664
2 -0.0144852 -0.0882161 0.0198269  0.0646868 0.210971 0.165605
2 -0.0144852 -0.0882161 0.0198269  0.0410507 0.21859 0.156281
2 -0.0144852 -0.0882161 0.0198269  0.0977819 0.196984 0.203963
2 -0.0144852 -0.0882161 0.0198269  0.118215 0.183249 0.233079
2 -0.0144852 -0.0882161 0.0198269  0.133196 0.140939 0.29771
2 -0.0144852 -0.0882161 0.0198269  0.129904 0.164788 0.265204
2 -0.0144852 -0.0882161 0.0198269  0.0685403 -0.00554875 0.384105
2 -0.0144852 -0.0882161 0.0198269  0.0506557 -0.0118087 0.388969
2 -0.0144852 -0.0882161 0.0198269  0.11218 0.128133 0.34602
2 -0.0144852 -0.0882161 0.0198269  0.10265 0.0753328 0.386055
2 -0.0144852 -0.0882161 0.0198269  0.0248957 0.00111557 0.41051
2 -0.0144852 -0.0882161 0.0198269  0.0888819 0.0596093 0.40632
2 -0.0144852 -0.0882161 0.0198269  0.0773215 0.047447 0.414495
2 -0.0144852 -0.0882161 0.0198269  0.0486588 0.0174949 0.411644
2 -0.0144852 -0.0882161 0.0198269  0.078586 0.0163998 0.393522
2 -0.0144852 -0.0882161 0.0198269  0.0411681 -0.0423884 0.371669
2 -0.0144852 -0.0882161 0.0198269  0.0021992 -0.0590568 0.373434
2 -0.0144852 -0.0882161 0.0198269  -0.00570055 -0.0243537 0.401489
2 -0.0144852 -0.0882161 0.0198269  0.00997494 0.20343 0.095508
2 -0.0144852 -0.0882161 0.0198269  0.00499431 0.192847 0.0722753
2 -0.0144852 -0.0882161 0.0198269  0.0811841 0.197987 0.122094
2 -0.0144852 -0.0882161 0.0198269  0.0399487 0.207492 0.115886
2 -0.0144852 -0.0882161 0.0198269  0.128201 0.180194 0.193987
2 -0.0144852 -0.0882161 0.0198269  0.141251 0.165587 0.225154
2 -0.0144852 -0.0882161 0.0198269  0.0937019 0.197147 0.146726
2 -0.0144852 -0.0882161 0.0198269  0.111712 0.189682 0.164143
2 -0.0144852 -0.0882161 0.0198269  -0.0129279 -0.0769835 0.365017
2 -0.0144852 -0.0882161 0.0198269  -0.0119437 0.216126 0.12613
2 -0.0144852 -0.0882161 0.0198269  0.0625732 0.0720135 0.436524
2 -0.0144852 -0.0882161 0.0198269  0.0470891 0.0546193 0.438612
2 -0.0144852 -0.0882161 0.0198269  0.0667594 0.092643 0.429855
2 -0.0144852 -0.0882161 0.0198269  0.0201353 0.041195 0.443799
2 -0.0144852 -0.0882161 0.0198269  0.0906754 0.108732 0.391845
2 -0.0144852 -0.0882161 0.0198269  -0.0144394 0.23714 0.20006
2 -0.0144852 -0.0882161 0.0198269  -0.059271 0.233404 0.201787
2 -0.0144852 -0.0882161 0.0198269  -0.0360073 0.239831 0.241475
2 -0.0144852 -0.0882161 0.0198269  -0.0755255 0.234092 0.243823
2 -0.0144852 -0.0882161 0.0198269  0.0408721 0.218849 0.265197
2 -0.0144852 -0.0882161 0.0198269  0.011249 0.230787 0.268354
2 -0.0144852 -0.0882161 0.0198269  0.107173 0.180821 0.27015
2 -0.0144852 -0.0882161 0.0198269  0.0801327 0.200609 0.251966
2 -0.0144852 -0.0882161 0.0198269  0.051704 0.217551 0.217587
2 -0.0144852 -0.0882161 0.0198269  0.00508495 0.235489 0.227925
2 -0.0144852 -0.0882161 0.0198269  0.100301 0.161221 0.319908
2 -0.0144852 -0.0882161 0.0198269  0.0805929 0.188123 0.296027
2 -0.0144852 -0.0882161 0.0198269  -0.0626564 0.213565 0.124567
2 -0.0144852 -0.0882161 0.0198269  -0.033693 0.228612 0.164036
2 -0.0144852 -0.0882161 0.0198269  -0.079584 0.220792 0.155903
2 -0.0144852 -0.0882161 0.0198269  -0.0449896 0.198446 0.0856481
2 -0.0144852 -0.0882161 0.0198269  -0.202184 0.179176 0.21647
2 -0.0144852 -0.0882161 0.0198269  -0.183802 0.194391 0.274441
2 -0.0144852 -0.0882161 0.0198269  -0.204698 0.170512 0.286775
2 -0.0144852 -0.0882161 0.0198269  -0.201466 0.181059 0.257902
2 -0.0144852 -0.0882161 0.0198269  -0.180265 0.196149 0.232043
2 -0.0144852 -0.0882161 0.0198269  -0.0302283 0.00783551 0.432379
2 -0.0144852 -0.0882161 0.0198269  -0.112155 0.224059 0.245259
2 -0.0144852 -0.0882161 0.0198269  -0.145255 0.210087 0.271211
2 -0.0144852 -0.0882161 0.0198269  -0.14102 0.21325 0.225356
2 -0.0144852 -0.0882161 0.0198269  -0.101512 0.225658 0.21554
2 -0.0144852 -0.0882161 0.0198269  -0.168209 0.192917 0.30776
2 -0.0144852 -0.0882161 0.0198269  -0.17353 0.174895 0.337151
2 -0.0144852 -0.0882161 0.0198269  -0.150031 0.127564 0.40346
2 -0.0144852 -0.0882161 0.0198269  -0.0614398 0.0704731 0.476311
2 -0.0144852 -0.0882161 0.0198269  -0.0860122 0.0897361 0.469965
2 -0.0144852 -0.0882161 0.0198269  -0.133612 0.0929203 0.429689
2 -0.0144852 -0.0882161 0.0198269  -0.0219724 0.0448713 0.460709
2 -0.0144852 -0.0882161 0.0198269  -0.14086 0.164489 0.381065
2 -0.0144852 -0.0882161 0.0198269  -0.128469 0.143758 0.413516
2 -0.0144852 -0.0882161 0.0198269  -0.167221 0.153248 0.368473
2 -0.0144852 -0.0882161 0.0198269  -0.101789 0.121147 0.451848
2 -0.0144852 -0.0882161 0.0198269  -0.0260331 0.0780688 0.485101
2 -0.0144852 -0.0882161 0.0198269  -0.0499656 0.0958908 0.493485
2 -0.0144852 -0.0882161 0.0198269  -0.0253962 0.120836 0.499137
2 -0.0144852 -0.0882161 0.0198269  -0.0318455 0.105626 0.5016
2 -0.0144852 -0.0882161 0.0198269  -0.0150083 0.137793 0.481698
2 -0.0144852 -0.0882161 0.0198269  0.0124237 0.132224 0.463244
2 -0.0144852 -0.0882161 0.0198269  0.00165808 0.117234 0.485573
2 -0.0144852 -0.0882161 0.0198269  -0.00780047 0.101089 0.493557
2 -0.0144852 -0.0882161 0.0198269  -0.0687847 0.133811 0.473432
2 -0.0144852 -0.0882161 0.0198269  -0.0640432 0.154191 0.454433
2 -0.0144852 -0.0882161 0.0198269  -0.0922175 0.140943 0.447818
2 -0.0144852 -0.0882161 0.0198269  -0.0802706 0.169432 0.424611
2 -0.0144852 -0.0882161 0.0198269  -0.102796 0.156682 0.42236
2 -0.0144852 -0.0882161 0.0198269  -0.0559673 0.116506 0.490721
2 -0.0144852 -0.0882161 0.0198269  -0.0415175 0.137923 0.484813
2 -0.0144852 -0.0882161 0.0198269  -0.0839833 0.183982 0.401605
2 -0.0144852 -0.0882161 0.0198269  -0.109714 0.17347 0.395853
2 -0.0144852 -0.0882161 0.0198269  -0.108252 0.184275 0.382137
2 -0.0144852 -0.0882161 0.0198269  -0.114893 0.202344 0.343894
2 -0.0144852 -0.0882161 0.0198269  -0.136002 0.186254 0.353929
2 -0.0144852 -0.0882161 0.0198269  -0.0805339 0.212966 0.349931
2 -0.0144852 -0.0882161 0.0198269  -0.0988607 0.195132 0.37171
2 -0.0144852 -0.0882161 0.0198269  -0.0393108 0.203059 0.396576
2 -0.0144852 -0.0882161 0.0198269  -0.0648427 0.200253 0.388738
2 -0.0144852 -0.0882161 0.0198269  0.000701822 0.176681 0.418307
2 -0.0144852 -0.0882161 0.0198269  -0.0224173 0.191142 0.413202
2 -0.0144852 -0.0882161 0.0198269  0.00236813 0.153385 0.44882
2 -0.0144852 -0.0882161 0.0198269  -0.0519971 0.181446 0.42516
2 -0.0144852 -0.0882161 0.0198269  -0.0272605 0.162476 0.454485
2 -0.0144852 -0.0882161 0.0198269  0.00944446 0.074666 0.472294
2 -0.0144852 -0.0882161 0.0198269  -0.00435578 0.0567598 0.46592
2 -0.0144852 -0.0882161 0.0198269  -0.135088 0.204258 0.316329
2 -0.0144852 -0.0882161 0.0198269  0.0292204 0.0918768 0.466296
2 -0.0144852 -0.0882161 0.0198269  0.040284 0.127813 0.437348
2 -0.0144852 -0.0882161 0.0198269  0.0325887 0.11325 0.458089
2 -0.0144852 -0.0882161 0.0198269  0.0335288 0.14536 0.424741
2 -0.0144852 -0.0882161 0.0198269  0.072349 0.135826 0.390325
2 -0.0144852 -0.0882161 0.0198269  0.0601479 0.115827 0.425936
2 -0.0144852 -0.0882161 0.0198269  0.057514 0.161505 0.374904
2 -0.0144852 -0.0882161 0.0198269  0.0687268 0.178318 0.334557
2 -0.0144852 -0.0882161 0.0198269  0.0518484 0.1948 0.324411
2 -0.0144852 -0.0882161 0.0198269  0.0165899 0.209716 0.337116
2 -0.0144852 -0.0882161 0.0198269  -0.0125214 0.228391 0.318576
2 -0.0144852 -0.0882161 0.0198269  0.0244905 0.164419 0.410444
2 -0.0144852 -0.0882161 0.0198269  0.000807566 0.197352 0.384203
2 -0.0144852 -0.0882161 0.0198269  -0.0464592 0.217114 0.365036
2 -0.0144852 -0.0882161 0.0198269  -0.0196269 0.213699 0.368493
2 -0.0144852 -0.0882161 0.0198269  -0.0320238 0.226042 0.346008
2 -0.0144852 -0.0882161 0.0198269  -0.048701 0.229165 0.324455
2 -0.0144852 -0.0882161 0.0198269  0.0323813 0.184216 0.369694
2 -0.0144852 -0.0882161 0.0198269  -0.100704 0.226698 0.268795
2 -0.0144852 -0.0882161 0.0198269  -0.107805 0.219964 0.297646
2 -0.0144852 -0.0882161 0.0198269  -0.0661074 0.233592 0.283214
2 -0.0144852 -0.0882161 0.0198269  0.0488191 0.20792 0.293923
2 -0.0144852 -0.0882161 0.0198269  -0.0243182 0.237424 0.279047
2 -0.0144852 -0.0882161 0.0198269  0.0189385 0.222708 0.296978
2 -0.0144852 -0.0882161 0.0198269  -0.106697 0.213237 0.325715
2 -0.0144852 -0.0882161 0.0198269  -0.0820822 0.223789 0.317482
2 -0.0144852 -0.0882161 0.0198269  -0.00317297 0.0234719 0.43886
2 -0.0144852 -0.0882161 0.0198269  -0.104379 0.220018 0.179551
2 -0.0144852 -0.0882161 0.0198269  -0.130824 0.214641 0.195478
2 -0.0144852 -0.0882161 0.0198269  -0.125012 0.206593 0.142351
2 -0.0144852 -0.0882161 0.0198269  -0.104796 0.206317 0.120794
2 -0.0144852 -0.0882161 0.0198269  -0.140079 0.20736 0.168642
2 -0.0144852 -0.0882161 0.0198269  -0.162611 0.201378 0.189967
2 -0.0144852 -0.0882161 0.0198269  -0.145106 0.188884 0.0987294
2 -0.0144852 -0.0882161 0.0198269  -0.102866 0.195675 0.0904228
2 -0.0144852 -0.0882161 0.0198269  -0.0992875 0.182721 0.0600773
2 -0.0144852 -0.0882161 0.0198269  -0.0656511 0.184896 0.0589674
2 -0.0144852 -0.0882161 0.0198269  -0.0313139 -0.0588977 0.38242
2 -0.0144852 -0.0882161 0.0198269  -0.0404791 -0.0306932 0.404867
2 -0.0144852 -0.0882161 0.0198269  -0.0785281 0.170417 0.0373155
2 -0.0144852 -0.0882161 0.0198269  -0.0613725 0.155497 0.0171813
2 -0.0144852 -0.0882161 0.0198269  -0.0681864 0.134451 -0.0021418
2 -0.0144852 -0.0882161 0.0198269  -0.116465 0.127111 -0.00818858
2 -0.0144852 -0.0882161 0.0198269  -0.114048 0.147867 0.0109406
2 -0.0144852 -0.0882161 0.0198269  -0.0694326 -0.0553003 0.391307
2 -0.0144852 -0.0882161 0.0198269  -0.220981 0.131872 0.182515
2 -0.0144852 -0.0882161 0.0198269  -0.0977818 -0.0459222 0.399406
2 -0.0144852 -0.0882161 0.0198269  -0.116532 -0.037486 0.403275
2 -0.0144852 -0.0882161 0.0198269  -0.139186 -0.0295009 0.402673
2 -0.0144852 -0.0882161 0.0198269  -0.220119 0.0788223 0.270128
2 -0.0144852 -0.0882161 0.0198269  -0.146061 -0.00978025 0.406307
2 -0.0144852 -0.0882161 0.0198269  -0.213707 0.070492 0.300158
2 -0.0144852 -0.0882161 0.0198269  -0.205072 0.0598924 0.327295
2 -0.0144852 -0.0882161 0.0198269  -0.22005 0.110152 0.245152
2 -0.0144852 -0.0882161 0.0198269  -0.0540719 -0.0815285 0.370212
2 -0.0144852 -0.0882161 0.0198269  -0.136976 0.163817 0.0358716
2 -0.0144852 -0.0882161 0.0198269  -0.165449 0.168391 0.0597608
2 -0.0144852 -0.0882161 0.0198269  -0.19764 0.161732 0.0955578
2 -0.0144852 -0.0882161 0.0198269  -0.204081 0.0970475 0.326425
2 -0.0144852 -0.0882161 0.0198269  -0.212218 0.110714 0.293549
2 -0.0144852 -0.0882161 0.0198269  -0.166963 0.0502677 0.395455
2 -0.0144852 -0.0882161 0.0198269  -0.118118 0.0186745 0.429652
2 -0.0144852 -0.0882161 0.0198269  -0.101606 -0.00122582 0.424651
2 -0.0144852 -0.0882161 0.0198269  -0.0895656 -0.0163143 0.416995
2 -0.0144852 -0.0882161 0.0198269  -0.193931 0.0725223 0.35237
2 -0.0144852 -0.0882161 0.0198269  -0.183272 0.049719 0.371883
2 -0.0144852 -0.0882161 0.0198269  -0.154986 0.0155865 0.403589
2 -0.0144852 -0.0882161 0.0198269  -0.0745951 0.0117903 0.436018
2 -0.0144852 -0.0882161 0.0198269  -0.0636341 -0.0125146 0.420293
2 -0.0144852 -0.0882161 0.0198269  -0.159336 0.0793009 0.405956
2 -0.0144852 -0.0882161 0.0198269  -0.120812 0.0564475 0.439795
2 -0.0144852 -0.0882161 0.0198269  -0.17803 0.0802088 0.380513
2 -0.0144852 -0.0882161 0.0198269  -0.146928 0.0588802 0.418576
2 -0.0144852 -0.0882161 0.0198269  -0.190185 0.109262 0.356542
2 -0.0144852 -0.0882161 0.0198269  -0.0913443 0.0574005 0.459154
2 -0.0144852 -0.0882161 0.0198269  -0.0804082 0.036286 0.451258
2 -0.0144852 -0.0882161 0.0198269  -0.0492731 0.0379106 0.456232
2 -0.0144852 -0.0882161 0.0198269  -0.217676 0.137122 0.220516
2 -0.0144852 -0.0882161 0.0198269  -0.211352 0.162031 0.221653
2 -0.0144852 -0.0882161 0.0198269  -0.211192 0.158405 0.17821
2 -0.0144852 -0.0882161 0.0198269  -0.208767 0.146218 0.289587
2 -0.0144852 -0.0882161 0.0198269  -0.201221 0.132935 0.325288
2 -0.0144852 -0.0882161 0.0198269  -0.193515 0.182207 0.298212
2 -0.0144852 -0.0882161 0.0198269  -0.194759 0.161206 0.323357
2 -0.0144852 -0.0882161 0.0198269  -0.182566 0.136356 0.360878
2 -0.0144852 -0.0882161 0.0198269  -0.167867 0.107446 0.390908
2 -0.0144852 -0.0882161 0.0198269  -0.211202 0.156414 0.256059
2 -0.0144852 -0.0882161 0.0198269  -0.16688 0.190946 0.141048
2 -0.0144852 -0.0882161 0.0198269  -0.192923 0.180759 0.174237
2 -0.0144852 -0.0882161 0.0198269  -0.192794 0.173358 0.125651
2 -0.0144852 -0.0882161 0.0198269  -0.180477 0.173738 0.0945144
2 -0.0144852 -0.0882161 0.0198269  -0.136352 0.179798 0.0650792
2 -0.0144852 -0.0882161 0.0198269  -0.172113 0.14737 0.028339
2 -0.0144852 -0.0882161 0.0198269  -0.197016 0.0269919 0.346029
2 -0.0144852 -0.0882161 0.0198269  -0.122222 -0.0604817 0.390946
2 -0.0144852 -0.0882161 0.0198269  -0.17884 0.0218579 0.376973
2 -0.0144852 -0.0882161 0.0198269  -0.22757 0.101984 0.190926
2 -0.0144852 -0.0882161 0.0198269  -0.224002 0.12245 0.138017
2 -0.0144852 -0.0882161 0.0198269  -0.209685 0.149562 0.121277
2 -0.0144852 -0.0882161 0.0198269  -0.204933 0.145517 0.0793621
2 -0.0144852 -0.0882161 0.0198269  -0.190651 0.152456 0.0594481
2 -0.0144852 -0.0882161 0.0198269  -0.069958 -0.127057 0.310423
2 -0.0144852 -0.0882161 0.0198269  -0.0647249 -0.14769 0.258812
2 -0.0144852 -0.0882161 0.0198269  -0.00956086 -0.172628 0.182655
2 -0.0218794 -0.0987975 -0.0143341  -0.135172 0.0474921 -0.0514605
2 -0.0218794 -0.0987975 -0.0143341  -0.104571 0.0542847 -0.0492621
2 -0.0218794 -0.0987975 -0.0143341  -0.0627383 0.0572442 -0.0469666
2 -0.0218794 -0.0987975 -0.0143341  0.0478315 -0.200354 0.0771828
2 -0.0218794 -0.0987975 -0.0143341  0.092444 0.037479 -0.0470375
2 -0.0218794 -0.0987975 -0.0143341  0.0610463 0.0408622 -0.0500267
2 -0.0218794 -0.0987975 -0.0143341  0.0133893 -0.206747 0.0614253
2 -0.0218794 -0.0987975 -0.0143341  -0.0380064 0.0414151 -0.0542771
2 -0.0218794 -0.0987975 -0.0143341  -0.000665291 0.0529343 -0.0473814
2 -0.0309851 -0.113838 -0.0839228  -0.00910625 -0.0108062 -0.101914
2 -0.0309851 -0.113838 -0.0839228  -0.0332492 -0.011153 -0.104321
2 -0.0309851 -0.113838 -0.0839228  0.0344816 -0.0391308 -0.134483
2 -0.0309851 -0.113838 -0.0839228  0.0463928 -0.215957 -0.126715
2 0.332194 -0.203497 -0.285965  0.322794 -0.183847 -0.40831
2 0.332194 -0.203497 -0.285965  0.307702 -0.216682 -0.423286
2 0.332194 -0.203497 -0.285965  0.307467 -0.203786 -0.425897
2 0.332194 -0.203497 -0.285965  0.305638 -0.233794 -0.393326
2 0.332194 -0.203497 -0.285965  0.322219 -0.237451 -0.380256
2 0.332194 -0.203497 -0.285965  0.332183 -0.236337 -0.363341
2 0.332194 -0.203497 -0.285965  0.33854 -0.229399 -0.347166
2 0.332194 -0.203497 -0.285965  0.335447 -0.194748 -0.335808
2 0.332194 -0.203497 -0.285965  0.333808 -0.206166 -0.330365
2 0.332194 -0.203497 -0.285965  0.307374 -0.179961 -0.367428
2 0.332194 -0.203497 -0.285965  0.293266 -0.181727 -0.377758
2 0.332194 -0.203497 -0.285965  0.285527 -0.225976 -0.400316
2 0.332194 -0.203497 -0.285965  0.280518 -0.237155 -0.363239
2 0.0373899 -0.113959 -0.0745419  0.0930858 -0.0186005 -0.0792138
2 0.0373899 -0.113959 -0.0745419  0.0964732 -0.219806 -0.0673038
2 0.0373899 -0.113959 -0.0745419  0.0869421 -0.219499 -0.117895
2 0.0373899 -0.113959 -0.0745419  0.0710445 -0.0858135 -0.173552
2 0.0373899 -0.113959 -0.0745419  0.0494127 -0.209357 -0.151073
2 0.0373899 -0.113959 -0.0745419  0.0525131 -0.200691 -0.167848
2 0.0373899 -0.113959 -0.0745419  0.0800074 -0.061297 -0.139753
2 0.0373899 -0.113959 -0.0745419  0.0895669 -0.0384069 -0.105063
2 0.0373899 -0.113959 -0.0745419  0.117426 -0.213302 -0.034491
